Continente,Localidae,Fluxo Comercial,Mercadoria,2000,2001,2002,2003,2004,2005,2006,2007,2008,2009,2010,2011,2012,2013,2014,2015
Africa,Algeria,Export,Crustaceans,854,819,916,871,862,1057,922,709,643,525,364,411,286,219,218,211
Africa,Algeria,Export,Fish,187,259,977,307,215,223,500,618,994,793,457,109,277,317,339,308
Africa,Algeria,Import,Crustaceans,23,21,128,176,415,448,304,612,597,953,1009,1269,1619,1835,1932,1518
Africa,Algeria,Import,Fish,7434,7426,10389,20923,22053,19481,22280,19508,16719,26442,28127,27081,26391,29121,39576,41075
Africa,Angola,Export,Crustaceans,630,834,1951,346,363,1189,1562,1405,899,916,1059,619,1388,1609,1365,1683
Africa,Angola,Export,Fish,2896,9746,6272,4149,3223,1818,1786,2742,5019,6005,4508,2769,8718,8210,7010,5334
Africa,Angola,Import,Crustaceans,6,12,31,18,23,65,84,151,113,518,878,937,1227,871,1656,758
Africa,Angola,Import,Fish,7981,7800,8778,11888,19988,14490,24566,27974,41103,48844,64206,96017,160369,131669,183804,143389
Africa,Benin,Export,Crustaceans,423,609,703,408,151,128,82,12,0,3,0,24,26,2,0,1
Africa,Benin,Export,Fish,64,3,3,9,29,0,247,630,65,112,1149,1082,505,479,1174,280
Africa,Benin,Import,Crustaceans,19,1,69,3,0,44,42,1,1,0,1,5,33,7,6,1
Africa,Benin,Import,Fish,20888,10974,20267,27393,26857,44286,56019,65853,79810,74332,77472,80149,78594,84313,77142,94629
Africa,Botswana,Export,Crustaceans,4,13,1,2,1,0,0,4,1,1,0,0,0,0,0,0
Africa,Botswana,Export,Fish,13,33,35,39,24,27,42,32,7,112,36,59,190,221,234,267
Africa,Botswana,Import,Crustaceans,314,501,236,48,73,19,40,60,36,44,32,77,34,49,31,63
Africa,Botswana,Import,Fish,3574,2669,2397,2485,2445,3318,2582,2919,2987,4063,4105,3273,4873,4391,4545,4563
Africa,Burkina Faso,Export,Fish,9,15,0,0,0,688,1500,2507,3387,4384,3260,2674,2833,2160,2100,3301
Africa,Burkina Faso,Import,Crustaceans,59,42,21,27,48,37,1,292,6,91,173,155,226,381,210,30
Africa,Burkina Faso,Import,Fish,12250,7551,8143,8405,11398,22282,25146,26891,26914,42973,50805,60181,60611,62763,65551,75271
Africa,Burundi,Export,Fish,2,4,6,13,6,8,13,13,12,11,9,11,31,158,118,47
Africa,Burundi,Import,Crustaceans,0,0,1,1,0,0,0,1,1,0,1,1,3,1,0,0
Africa,Burundi,Import,Fish,63,79,52,111,57,24,84,35,38,88,514,1316,2722,3014,2998,2076
Africa,Cabo Verde,Export,Crustaceans,12,0,23,18,26,12,10,8,1,8,8,17,49,27,7,5
Africa,Cabo Verde,Export,Fish,322,246,238,44,324,9111,18172,9807,10081,13380,15909,17997,14163,16717,28419,30255
Africa,Cabo Verde,Import,Crustaceans,12,10,12,21,21,36,56,67,68,60,67,101,101,117,113,108
Africa,Cabo Verde,Import,Fish,61,173,79,88,93,106,232,258,335,423,328,440,576,573,513,453
Africa,Cameroon,Export,Crustaceans,375,110,94,77,2,3,1,2,1,10,4,5,5,2,5,1
Africa,Cameroon,Export,Fish,62,217,12,71,70,87,1419,2013,1659,3016,4237,1770,3291,3124,3881,3358
Africa,Cameroon,Import,Crustaceans,5,4,9,22,14,11,29,21,1140,2909,3376,201,75,84,82,90
Africa,Cameroon,Import,Fish,81469,97843,78800,125394,120277,106740,101375,139323,150586,201060,163788,216046,183609,207663,208586,216592
Africa,Central African Republic,Export,Fish,22,0,0,0,0,0,0,0,0,0,0,0,0,0,0,0
Africa,Central African Republic,Import,Crustaceans,2,0,0,44,0,0,0,0,0,0,0,0,0,3,1,2
Africa,Central African Republic,Import,Fish,580,568,501,1416,1580,1741,1625,3010,2568,3679,5354,5198,5387,4951,5545,6076
Africa,Chad,Export,Fish,4,2,0,0,0,13,0,290,45,40,51,52,55,66,66,61
Africa,Chad,Import,Crustaceans,0,0,1,1,8,11,13,6,33,22,8,2,0,5,10,8
Africa,Chad,Import,Fish,1,32,466,560,75,98,1188,367,413,536,424,432,716,717,1042,364
Africa,Comoros,Export,Fish,0,0,0,1,0,0,0,0,0,0,0,0,1,0,0,0
Africa,Comoros,Import,Crustaceans,7,7,0,0,0,0,0,0,0,0,1,1,0,0,1,2
Africa,Comoros,Import,Fish,445,256,283,357,300,259,293,251,2748,519,803,443,603,455,679,520
Africa,Congo,Export,Crustaceans,13,227,565,698,835,24,550,48,10,0,0,0,0,198,158,130
Africa,Congo,Export,Fish,31,40,52,35,29,266,24,125,324,269,266,23,153,13,426,360
Africa,Congo,Import,Crustaceans,0,1,0,0,12,2,6,9,7,49,12,49,77,35,33,25
Africa,Congo,Import,Fish,10730,17615,9914,7635,13023,11941,9304,7094,25234,22918,9304,16436,16141,28299,39459,29600
Africa,"Congo, Dem. Rep. of the",Export,Crustaceans,0,0,1,1,5,0,0,0,0,7,6,0,0,0,0,0
Africa,"Congo, Dem. Rep. of the",Export,Fish,19,18,2,8,1,1,0,0,0,76,259,116,125,608,282,132
Africa,"Congo, Dem. Rep. of the",Import,Crustaceans,0,1,2,5,514,23,22,11,12,38,150,77,32,86,129,34
Africa,"Congo, Dem. Rep. of the",Import,Fish,61508,70323,66842,63896,65824,66936,71648,74477,71468,71747,77218,85660,91676,95747,109157,107883
Africa,Côte d'Ivoire,Export,Crustaceans,911,861,422,313,227,119,233,91,128,696,213,72,21,91,138,46
Africa,Côte d'Ivoire,Export,Fish,63504,49877,54945,47410,52834,32970,36941,47343,46988,51261,31637,23137,36134,37271,27498,37061
Africa,Côte d'Ivoire,Import,Crustaceans,323,464,759,567,835,473,593,716,843,933,867,506,601,740,557,415
Africa,Côte d'Ivoire,Import,Fish,235242,239505,255956,272620,245561,267840,261001,280040,327520,368198,285267,287749,286727,292908,326399,390313
Africa,Djibouti,Export,Crustaceans,0,0,0,0,0,0,0,1,0,0,0,0,0,0,0,0
Africa,Djibouti,Export,Fish,6,30,18,20,0,7,8,2,0,1,18,1,0,0,0,2
Africa,Djibouti,Import,Crustaceans,8,2,2,3,3,19,5,10,20,47,7,7,6,3,45,23
Africa,Djibouti,Import,Fish,492,285,395,262,505,299,652,603,461,375,324,468,522,824,520,1186
Africa,Egypt,Export,Crustaceans,45,8,2,9,16,4,19,87,6,51,65,26,73,660,1779,1252
Africa,Egypt,Export,Fish,636,668,1630,2414,3209,4431,3333,3587,5743,4381,10071,9856,14903,19850,25184,30607
Africa,Egypt,Import,Crustaceans,46,576,235,196,925,1639,3092,7108,10137,11416,29816,16838,16100,10015,11696,12594
Africa,Egypt,Import,Fish,208963,206315,153250,162674,223095,221703,244448,244222,194125,223514,281400,243861,302601,260680,555037,458382
Africa,Equatorial Guinea,Export,Crustaceans,0,0,0,2,12,3,0,0,0,0,0,0,0,0,0,0
Africa,Equatorial Guinea,Export,Fish,395,144,29,18,16,3,26,30,20,30,10,21,30,24,23,24
Africa,Equatorial Guinea,Import,Crustaceans,0,0,7,8,7,11,30,33,50,35,84,107,90,84,101,82
Africa,Equatorial Guinea,Import,Fish,2476,4312,3295,4438,6138,5884,7735,7507,6269,10385,7740,9480,12296,11925,9540,6259
Africa,Eritrea,Export,Crustaceans,73,28,69,3,65,0,2,50,29,0,0,0,10,1,0,0
Africa,Eritrea,Export,Fish,442,134,121,425,53,53,24,134,34,7,0,1,20,0,0,0
Africa,Eritrea,Import,Crustaceans,0,9,5,0,3,6,4,0,0,2,1,1,0,0,0,0
Africa,Eritrea,Import,Fish,46,76,99,987,153,66,201,80,89,10,47,1,80,28,67,12
Africa,Ethiopia,Export,Fish,8,11,32,32,6,1,337,585,394,489,850,826,927,798,904,921
Africa,Ethiopia,Import,Crustaceans,0,0,0,0,5,3,0,2,10,14,12,16,27,110,23,14
Africa,Ethiopia,Import,Fish,53,24,273,330,202,329,779,369,713,318,396,532,607,1004,1019,1149
Africa,Gabon,Export,Crustaceans,1990,2245,2132,1589,2252,2050,1531,1145,529,56,21,0,49,4,2,0
Africa,Gabon,Export,Fish,1305,622,1619,438,2621,2772,2852,1082,2342,1459,1284,1178,1172,1183,1307,1163
Africa,Gabon,Import,Crustaceans,30,5,7,12,91,20,21,44,71,80,19,17,63,67,102,57
Africa,Gabon,Import,Fish,11012,11556,1831,3880,7634,7913,10430,8816,9758,11903,11063,15891,15896,18895,24101,24492
Africa,Gambia,Export,Crustaceans,779,272,141,134,60,260,7,117,2,5,26,0,8,14,38,15
Africa,Gambia,Export,Fish,584,364,606,440,207,565,67,1595,1743,3906,5911,2367,1911,1323,1450,860
Africa,Gambia,Import,Crustaceans,8,61,38,1,3,1,0,0,43,0,0,32,11,2,114,160
Africa,Gambia,Import,Fish,826,650,1559,2050,1882,1158,1937,2356,2712,3496,5972,3602,2105,1686,951,1263
Africa,Ghana,Export,Crustaceans,355,321,105,234,948,129,300,504,172,46,18,158,18,65,67,177
Africa,Ghana,Export,Fish,53786,59712,45057,45629,43797,35482,23422,24907,23442,19226,21631,20085,22176,21665,21064,26395
Africa,Ghana,Import,Crustaceans,12,3,24,59,18,31,26,127,32,50,22,115,46,48,97,85
Africa,Ghana,Import,Fish,169302,170533,222028,104590,279438,260149,290273,362510,279387,248530,211422,320725,231447,347408,271762,297402
Africa,Guinea,Export,Crustaceans,175,96,71,131,13,35,0,0,0,417,220,199,191,66,4,3
Africa,Guinea,Export,Fish,2142,3161,4001,4953,7840,17009,14334,7923,7964,6445,7472,7629,9024,9527,10607,11268
Africa,Guinea,Import,Crustaceans,0,3,0,0,0,0,0,0,0,3,1,5,21,26,7,4
Africa,Guinea,Import,Fish,898,1187,830,1213,634,979,428,772,738,1402,1471,1494,1854,1849,3400,2332
Africa,Guinea-Bissau,Export,Crustaceans,77,159,141,203,107,152,61,0,0,0,0,0,0,0,0,0
Africa,Guinea-Bissau,Export,Fish,1698,2301,3817,1628,3855,4021,5373,4976,3377,3771,5666,4401,3716,4579,5280,5500
Africa,Guinea-Bissau,Import,Crustaceans,0,0,0,0,0,0,20,55,0,0,0,0,0,0,0,0
Africa,Guinea-Bissau,Import,Fish,147,167,199,276,338,366,331,644,913,771,305,444,415,562,442,582
Africa,Kenya,Export,Crustaceans,412,570,329,534,584,530,536,325,373,131,323,170,113,211,449,227
Africa,Kenya,Export,Fish,16242,17785,23643,18414,16688,17190,14098,15699,19719,14431,16757,14359,16478,10986,14167,9991
Africa,Kenya,Import,Crustaceans,4,4,19,26,31,15,6,1,0,102,11,22,86,104,126,115
Africa,Kenya,Import,Fish,11273,17077,8980,7301,13572,21026,27112,23918,17696,11432,14399,16010,17044,14640,22997,22284
Africa,Lesotho,Export,Crustaceans,0,0,0,0,0,0,0,0,1,0,0,0,0,0,0,0
Africa,Lesotho,Export,Fish,0,0,7,4,3,0,0,0,25,183,413,388,136,194,528,627
Africa,Lesotho,Import,Crustaceans,8,14,4,7,0,0,0,0,5,13,49,34,12,5,10,2
Africa,Lesotho,Import,Fish,991,1231,2290,1668,1013,744,721,745,846,1121,1020,2200,1575,1493,3213,3183
Africa,Liberia,Export,Crustaceans,0,18,0,28,42,3,7,2,0,0,0,0,11,0,0,0
Africa,Liberia,Export,Fish,32,47,151,55,9,75,229,125,65,91,96,91,96,98,102,101
Africa,Liberia,Import,Crustaceans,24,1,18,1,5,20,13,18,17,19,10,5,6,8,43,30
Africa,Liberia,Import,Fish,3746,1903,1132,2623,1163,1412,2275,1130,4044,3320,6076,6861,7079,11491,14366,12557
Africa,Libya,Export,Crustaceans,0,0,0,0,0,0,0,0,0,17,8,0,0,0,0,0
Africa,Libya,Export,Fish,1868,1375,1695,2216,3120,3836,2000,1137,959,579,616,363,980,1024,921,1060
Africa,Libya,Import,Crustaceans,6,11,21,38,73,22,3,6,0,140,307,136,110,306,265,164
Africa,Libya,Import,Fish,4442,4587,4119,4346,4617,9197,13575,17058,16768,27554,43098,39003,54926,56063,50870,40764
Africa,Madagascar,Export,Crustaceans,2156,12538,15282,6358,7333,11941,12013,13443,11473,9479,7715,10642,7372,8207,10452,7117
Africa,Madagascar,Export,Fish,10621,16809,15581,23645,19252,10154,17804,13193,8267,6688,11201,12047,8154,8297,10982,11197
Africa,Madagascar,Import,Crustaceans,9,38,1,1,1,881,138,223,104,3,18,216,51,23,1,23
Africa,Madagascar,Import,Fish,13521,12637,17641,22733,16160,14728,29963,22379,14409,14752,18038,20289,14374,16816,20220,14949
Africa,Malawi,Export,Fish,42,34,26,43,42,128,585,32,34,15,21,67,49,23,14,12
Africa,Malawi,Import,Crustaceans,0,3,2,1,0,0,0,0,0,0,3,1,7,9,23,39
Africa,Malawi,Import,Fish,1485,345,244,583,703,426,1740,1734,3224,2103,1916,1316,1180,1669,2498,2628
Africa,Mali,Export,Crustaceans,0,0,0,0,0,0,0,0,0,0,0,0,12,0,0,0
Africa,Mali,Export,Fish,761,950,1136,425,456,371,337,634,496,301,278,879,174,259,695,186
Africa,Mali,Import,Crustaceans,41,37,19,60,34,38,37,7,45,77,97,16,200,97,191,613
Africa,Mali,Import,Fish,2696,2923,2704,5500,6989,11014,12912,14606,15378,16246,23196,21902,20556,22137,32470,32461
Africa,Mauritania,Export,Crustaceans,781,1657,1286,1417,1041,1212,1201,1154,788,350,2955,4062,2226,1065,3163,2151
Africa,Mauritania,Export,Fish,66340,65376,79185,73287,53860,80540,72419,89426,119491,55580,99624,209019,288267,180262,219231,253061
Africa,Mauritania,Import,Crustaceans,0,0,0,0,0,0,11,0,3,0,0,3,0,37,100,51
Africa,Mauritania,Import,Fish,120,173,414,457,78,543,296,569,681,1433,2332,1921,2915,3104,4320,3770
Africa,Mauritius,Export,Crustaceans,0,0,0,210,1,0,8,5,0,0,0,0,0,1,0,0
Africa,Mauritius,Export,Fish,18152,27380,28940,32021,33266,36763,50027,49809,49060,50567,61195,54867,59053,59219,70009,63348
Africa,Mauritius,Import,Crustaceans,1243,1440,1190,1465,1450,1487,1341,1570,1593,1449,1483,1788,1766,1720,1714,1663
Africa,Mauritius,Import,Fish,39835,49428,81312,61120,78317,101705,148735,126327,147537,142573,139934,158800,146731,166243,178953,175715
Africa,Mayotte,Export,Crustaceans,0,0,0,0,0,0,0,0,0,0,0,1,0,0,0,0
Africa,Mayotte,Export,Fish,4,28,127,201,125,124,122,122,95,83,80,85,76,63,50,0
Africa,Mayotte,Import,Crustaceans,9,23,18,30,21,46,29,42,45,56,22,4,5,2,0,0
Africa,Mayotte,Import,Fish,591,797,1063,1088,956,1151,1227,1040,1656,1308,1209,1419,1208,1238,1229,1031
Africa,Morocco,Export,Crustaceans,12959,11420,10959,9639,7147,9279,9756,15876,14079,14547,14156,17398,16393,15965,17430,18930
Africa,Morocco,Export,Fish,129286,163860,193397,191453,174105,197415,270967,256940,286893,288770,279834,213072,278013,313393,311004,357348
Africa,Morocco,Import,Crustaceans,8351,5997,7079,8180,7358,8011,10641,22408,20240,19095,28881,35012,32824,32892,35972,39262
Africa,Morocco,Import,Fish,3939,5407,9888,11782,23499,22460,30808,23077,44698,24806,19397,19397,11958,15680,29638,30499
Africa,Mozambique,Export,Crustaceans,7265,6450,8835,6444,6205,7361,14617,10034,10041,8520,8315,4745,2510,4421,5889,3578
Africa,Mozambique,Export,Fish,3244,1946,2532,4265,6648,6669,1814,2249,1212,1033,1197,2825,4249,4816,8366,7831
Africa,Mozambique,Import,Crustaceans,80,1,1,1808,7,2,11,33,2,2,1,5,9,29,27,21
Africa,Mozambique,Import,Fish,5820,4274,6242,9220,12969,18721,16638,14411,19118,18394,16723,27350,26978,44928,50035,52352
Africa,Namibia,Export,Crustaceans,1346,1545,1389,1389,1645,1546,1306,1195,1503,2234,2126,2119,1802,1334,2476,2337
Africa,Namibia,Export,Fish,384992,311379,312572,308263,291353,253834,396990,323827,319026,337595,306847,348288,334441,386157,386445,416349
Africa,Namibia,Import,Crustaceans,47,43,65,42,64,187,378,452,428,1335,317,496,254,305,298,257
Africa,Namibia,Import,Fish,89079,33530,12854,15532,18025,14445,13937,19393,20543,31389,20641,13710,13175,14816,16119,20015
Africa,Niger,Export,Crustaceans,0,0,0,0,0,0,0,0,0,1,0,0,0,0,0,0
Africa,Niger,Export,Fish,1618,6676,8025,5905,3684,2260,681,287,449,405,556,815,831,1228,1367,658
Africa,Niger,Import,Crustaceans,2,1,0,5,0,1,0,1,1,2,5,3,2,2,3,20
Africa,Niger,Import,Fish,895,676,586,514,564,1244,2237,1542,2664,3409,3657,2856,3894,4814,5813,7462
Africa,Nigeria,Export,Crustaceans,2195,2340,2496,2114,3631,6902,15730,19956,10853,24690,23725,9399,9044,18350,11708,8576
Africa,Nigeria,Export,Fish,224,628,597,246,605,754,813,1169,688,204,300,22415,9270,63571,4040,3053
Africa,Nigeria,Import,Crustaceans,12,0,18,3,14,1,22,24,0,81,90,1671,385,1511,220,811
Africa,Nigeria,Import,Fish,311871,633387,543822,622965,778731,841741,1247871,999824,1042398,1108631,1330691,1589401,1083208,868036,992591,886643
Africa,Rwanda,Export,Crustaceans,0,0,0,0,0,0,0,0,0,0,0,0,0,1,43,0
Africa,Rwanda,Export,Fish,0,0,0,0,0,38,0,92,310,555,253,120,317,173,1208,2098
Africa,Rwanda,Import,Crustaceans,5,0,1,3,0,0,0,0,1,3,3,2,3,2,5,2
Africa,Rwanda,Import,Fish,130,102,197,109,7,58,1342,2718,3599,4875,6897,11915,13300,12119,15205,23616
Africa,Saint Helena,Export,Crustaceans,145,192,196,97,144,160,150,131,171,264,339,186,249,300,244,281
Africa,Saint Helena,Export,Fish,160,355,309,229,336,572,478,596,790,510,372,694,387,419,428,624
Africa,Saint Helena,Import,Crustaceans,0,4,0,25,4,0,21,0,0,0,0,0,0,0,7,1
Africa,Saint Helena,Import,Fish,57,55,46,31,19,101,166,57,16,8,22,12,6,26,29,43
Africa,Sao Tome and Principe,Export,Crustaceans,0,0,0,3,0,0,0,0,0,0,0,0,0,0,0,0
Africa,Sao Tome and Principe,Export,Fish,53,300,82,0,0,0,0,0,0,0,1,0,0,0,2,2
Africa,Sao Tome and Principe,Import,Crustaceans,0,0,0,0,0,1,2,1,8,4,4,4,8,8,6,7
Africa,Sao Tome and Principe,Import,Fish,19,0,3,7,5,3,29,19,33,27,28,51,43,45,44,28
Africa,Senegal,Export,Crustaceans,6909,7687,5970,5480,10684,9790,8695,7809,4741,4284,3551,4309,5284,4789,4249,4378
Africa,Senegal,Export,Fish,66526,63266,60109,68138,95012,74208,65782,87440,73125,78367,78034,92458,90520,124112,134315,173157
Africa,Senegal,Import,Crustaceans,66,49,120,24,35,69,21,6,14,80,74,77,104,146,19,65
Africa,Senegal,Import,Fish,606,392,158,265,447,438,375,880,1120,304,6354,14087,8437,8545,9470,19121
Africa,Seychelles,Export,Crustaceans,331,316,213,901,1111,786,619,364,331,23,1,0,0,0,0,8
Africa,Seychelles,Export,Fish,42096,62891,65520,128334,102306,114356,99635,94997,72241,72560,82478,105684,107426,97456,77485,106393
Africa,Seychelles,Import,Crustaceans,39,16,12,44,47,40,54,130,273,51,511,895,677,374,623,805
Africa,Seychelles,Import,Fish,19003,18770,32020,85882,81573,87331,91984,115920,35709,64103,70006,69927,62961,60914,67178,67708
Africa,Sierra Leone,Export,Crustaceans,1082,1154,2515,3299,2429,2536,1916,1721,1615,1591,1675,1583,1752,1550,1230,1200
Africa,Sierra Leone,Export,Fish,5496,5031,5080,3008,3080,3404,3552,3853,3768,3944,3942,4079,4310,3848,4209,4787
Africa,Sierra Leone,Import,Crustaceans,14,83,29,29,11,1,3,0,1,0,0,1,7,1,81,25
Africa,Sierra Leone,Import,Fish,726,955,645,1679,1249,1162,918,1754,1525,2038,972,1365,1072,1370,1622,915
Africa,Somalia,Export,Crustaceans,18,2,19,0,9,69,15,0,231,0,5,77,34,17,3,26
Africa,Somalia,Export,Fish,1101,1642,2867,1378,2243,2692,2010,2217,3152,4147,1133,1396,936,1235,1462,2106
Africa,Somalia,Import,Crustaceans,0,0,0,0,0,0,18,0,0,1,1,0,8,0,1,4
Africa,Somalia,Import,Fish,71,15,111,142,225,283,1117,684,907,1426,899,1365,1141,2004,2415,3734
Africa,South Africa,Export,Crustaceans,2271,2155,2611,2359,3351,4397,4204,2857,2412,3327,2690,2542,2930,3210,3306,2505
Africa,South Africa,Export,Fish,127000,136172,130521,118739,106464,123422,98084,94365,93436,111280,105576,108188,101227,105545,114387,92914
Africa,South Africa,Import,Crustaceans,2870,2990,2987,3157,5568,7941,8685,9534,8236,9472,7764,11215,10692,11391,10024,8025
Africa,South Africa,Import,Fish,16798,22255,21619,27254,35379,33663,38357,56368,70673,87184,75783,68809,111814,115984,166483,139926
Africa,South Sudan,Export,Fish,0,0,0,0,0,0,0,0,0,0,0,0,13,0,0,0
Africa,South Sudan,Import,Crustaceans,0,0,0,0,0,0,0,0,0,0,0,0,0,0,1,0
Africa,South Sudan,Import,Fish,0,0,0,0,0,0,0,0,0,0,0,0,144,289,252,179
Africa,Sudan,Export,Fish,0,0,0,0,0,0,0,0,0,0,0,0,155,193,654,1120
Africa,Sudan,Import,Crustaceans,0,0,0,0,0,0,0,0,0,0,0,0,23,76,11,0
Africa,Sudan,Import,Fish,0,0,0,0,0,0,0,0,0,0,0,0,2802,2856,2097,3033
Africa,Sudan (former),Export,Crustaceans,0,0,1,1,2,0,0,0,5,2,0,2,0,0,0,0
Africa,Sudan (former),Export,Fish,99,132,1159,1595,2556,2345,59,74,563,591,19,230,0,0,0,0
Africa,Sudan (former),Import,Crustaceans,0,0,0,0,0,1,19,3,40,76,129,67,0,0,0,0
Africa,Sudan (former),Import,Fish,240,169,446,266,46,125,1906,1676,1327,2324,2367,3257,0,0,0,0
Africa,Swaziland,Export,Crustaceans,453,400,438,512,919,536,36,0,0,0,0,0,1,0,0,0
Africa,Swaziland,Export,Fish,1110,724,731,492,908,457,96,69,59,24,20,20,2,0,1,1
Africa,Swaziland,Import,Crustaceans,558,306,415,624,712,375,236,90,62,0,1,31,17,29,26,24
Africa,Swaziland,Import,Fish,5169,3390,3040,4812,5887,3812,2287,1909,1169,1139,1114,1118,1106,1695,3026,2941
Africa,"Tanzania, United Rep. of",Export,Crustaceans,1767,2067,2432,2874,2787,4004,1261,943,569,494,639,442,2454,888,673,1366
Africa,"Tanzania, United Rep. of",Export,Fish,40529,41531,38546,44173,49217,42896,37216,47677,54467,39465,39611,39704,42004,33687,38342,33119
Africa,"Tanzania, United Rep. of",Import,Crustaceans,21,54,5,8,16,44,11,31,4,4,3,7,4,7,3,6
Africa,"Tanzania, United Rep. of",Import,Fish,297,221,150,291,370,450,2919,6822,6817,6243,5913,3883,6367,9267,19486,19605
Africa,Togo,Export,Crustaceans,215,230,0,0,16,0,0,0,91,0,0,0,8,10,0,25
Africa,Togo,Export,Fish,6181,9038,8968,7051,6948,6121,5018,259,2146,3603,485,834,36,108,190,179
Africa,Togo,Import,Crustaceans,3,35,146,317,111,1,3,79,0,38,0,10,13,1,3,6
Africa,Togo,Import,Fish,29880,27893,17672,19769,12845,21541,15357,13934,10933,15524,39471,53175,53845,51069,48533,59978
Africa,Tunisia,Export,Crustaceans,7058,4448,3649,3683,3885,4531,3706,3118,3540,2865,2941,3350,2689,3289,3732,4258
Africa,Tunisia,Export,Fish,2297,3498,5144,3199,5183,8395,9692,11999,10709,9852,9732,14182,12733,11561,9743,10455
Africa,Tunisia,Import,Crustaceans,143,38,80,83,34,185,174,459,431,962,1433,1007,770,237,63,55
Africa,Tunisia,Import,Fish,11232,16982,17379,27722,25611,36368,37972,37479,43732,44926,43026,41737,45155,36069,38163,25388
Africa,Uganda,Export,Crustaceans,0,9,0,12,0,25,0,0,6,0,18,0,3,10,1,0
Africa,Uganda,Export,Fish,14499,17013,25125,25406,31327,38371,36120,30872,26552,22535,22711,19421,21182,20183,17530,17814
Africa,Uganda,Import,Crustaceans,6,6,7,9,14,10,11,15,20,17,12,10,18,29,72,45
Africa,Uganda,Import,Fish,64,10,89,639,167,310,261,322,710,474,780,1299,1242,948,1846,2111
Africa,Zambia,Export,Crustaceans,0,0,0,0,1,0,0,0,0,0,0,4,0,1,0,0
Africa,Zambia,Export,Fish,710,980,765,613,582,1032,254,240,1817,686,430,75,53,145,228,334
Africa,Zambia,Import,Crustaceans,7,10,7,2,4,0,5,9,4,18,33,42,66,132,107,97
Africa,Zambia,Import,Fish,1327,906,2120,3407,3961,5796,3867,4635,3435,3261,4426,8412,17902,33017,55642,78047
Africa,Zimbabwe,Export,Crustaceans,1,2,2,0,2,0,0,2,0,0,0,0,3,0,0,0
Africa,Zimbabwe,Export,Fish,816,936,712,520,708,563,805,1439,1487,966,1137,2056,2516,3255,5878,4972
Africa,Zimbabwe,Import,Crustaceans,79,41,61,28,53,171,48,29,16,11,19,32,32,67,63,83
Africa,Zimbabwe,Import,Fish,7453,3062,1494,952,2636,825,3472,1939,2273,3379,9968,13572,15513,17277,18053,21148
Americas,Antigua and Barbuda,Export,Crustaceans,21,9,12,8,5,1,4,2,2,6,2,13,13,18,1,4
Americas,Antigua and Barbuda,Export,Fish,6,111,61,83,67,49,103,34,84,50,56,102,101,62,56,40
Americas,Antigua and Barbuda,Import,Crustaceans,183,7,74,829,305,159,208,172,101,187,167,161,153,169,197,186
Americas,Antigua and Barbuda,Import,Fish,1377,432,660,821,1114,1327,1548,1914,1454,1325,1294,1399,1465,1417,1361,1513
Americas,Argentina,Export,Crustaceans,32865,61712,52547,47728,27914,7478,39585,45254,43395,52118,64597,79630,80650,93501,109815,122989
Americas,Argentina,Export,Fish,227595,210108,274687,312840,368083,351486,362127,306225,289190,328673,307480,287628,252139,240276,244148,219928
Americas,Argentina,Import,Crustaceans,1024,550,46,81,115,391,629,502,555,557,933,951,729,759,585,649
Americas,Argentina,Import,Fish,36547,34179,6854,15531,25191,29556,30856,37171,29149,27420,34490,38897,37129,34550,29831,40286
Americas,Aruba,Export,Fish,81,110,335,242,190,106,13,10,4,2,3,0,0,23,1,5
Americas,Aruba,Import,Crustaceans,116,39,49,32,59,62,68,54,62,542,470,425,565,561,633,735
Americas,Aruba,Import,Fish,1589,1479,1516,1854,1824,1603,1999,1863,1985,1621,1612,1435,1813,1750,1783,1981
Americas,Bahamas,Export,Crustaceans,3675,2324,2624,3423,2683,2085,2345,2104,2125,2370,2186,2133,2285,2746,1945,2184
Americas,Bahamas,Export,Fish,39,73,46,110,31,15,43,82,51,130,71,95,79,142,73,51
Americas,Bahamas,Import,Crustaceans,556,606,495,423,373,404,428,470,507,450,477,382,446,291,441,411
Americas,Bahamas,Import,Fish,3633,3147,2967,3151,2837,2969,3354,3406,3789,3046,2514,3322,3479,3430,3463,3509
Americas,Barbados,Export,Crustaceans,1,0,1,3,5,7,5,6,3,2,1,2,1,2,1,1
Americas,Barbados,Export,Fish,276,327,206,238,234,382,232,230,165,50,100,122,129,151,174,187
Americas,Barbados,Import,Crustaceans,213,241,225,226,122,256,239,237,270,225,231,248,217,235,247,309
Americas,Barbados,Import,Fish,3400,3923,4383,4498,4154,7682,6142,5949,5546,5140,5026,5553,5779,4740,5483,5872
Americas,Belize,Export,Crustaceans,2378,550,657,6592,8048,8865,7403,2686,3692,5147,5384,4869,4903,6863,7600,10043
Americas,Belize,Export,Fish,29,1076,38,80,175,228,310,225,1307,972,1306,726,228,276,174,265
Americas,Belize,Import,Crustaceans,134,8,7,12,3,18,3,2,2,1,112,5,2,2,19,25
Americas,Belize,Import,Fish,233,406,636,686,219,271,284,212,356,266,432,167,287,280,252,592
Americas,Bermuda,Export,Crustaceans,11,0,0,0,0,9,0,0,0,0,0,0,0,1,0,0
Americas,Bermuda,Export,Fish,4,0,3,0,0,0,21,2,20,25,19,0,0,2,2,1
Americas,Bermuda,Import,Crustaceans,206,210,226,207,181,331,351,321,257,201,252,237,181,234,218,175
Americas,Bermuda,Import,Fish,704,938,815,741,774,1570,1743,1768,1600,1453,1065,1229,1602,1788,1790,1940
Americas,Bolivia (Plurinat.State),Export,Fish,29,85,7,19,0,1,0,12,32,33,3,0,0,0,0,0
Americas,Bolivia (Plurinat.State),Import,Crustaceans,43,29,21,15,15,17,9,8,4,5,9,9,14,22,23,42
Americas,Bolivia (Plurinat.State),Import,Fish,10735,6621,6404,4653,6152,7999,7930,4826,9513,8970,7614,10983,10787,10973,12179,13727
Americas,Brazil,Export,Crustaceans,16031,26688,44062,64953,58311,48370,36795,19503,13663,8797,5171,3451,2393,3355,2784,2775
Americas,Brazil,Export,Fish,40960,45137,50026,45776,45033,42743,39373,37785,29978,27235,27898,34336,38376,31868,29396,31950
Americas,Brazil,Import,Crustaceans,604,539,270,35,78,37,27,99,39,113,42,56,32,57,43,30
Americas,Brazil,Import,Fish,192984,166009,146873,151483,157793,145619,178149,206856,215524,235132,275051,338665,358605,410160,392935,321619
Americas,Canada,Export,Crustaceans,142603,166249,197883,199212,218557,210998,223098,228811,196808,197919,219145,212546,218892,233017,231151,237430
Americas,Canada,Export,Fish,304080,321201,341808,353941,381478,418809,409213,374548,369975,343640,362657,331520,310644,295989,276186,308336
Americas,Canada,Import,Crustaceans,94447,100708,82398,64436,72659,75940,82695,84511,75963,83966,93946,101871,103889,93698,102471,93623
Americas,Canada,Import,Fish,224256,230655,241465,238191,236746,232584,231269,237519,230636,242283,236468,249937,251025,268284,262453,256856
Americas,Cayman Islands,Export,Fish,100,62,60,8,34,46,58,34,50,91,40,30,0,0,0,21
Americas,Cayman Islands,Import,Crustaceans,52,66,74,75,62,32,109,90,83,93,82,46,78,80,98,101
Americas,Cayman Islands,Import,Fish,87,148,165,163,199,118,348,542,322,435,519,501,535,396,355,289
Americas,Chile,Export,Crustaceans,6729,5207,3779,3203,3391,4182,3928,3409,3873,3305,4639,5495,5610,6181,6701,6693
Americas,Chile,Export,Fish,483256,687117,623033,563254,654330,717208,688900,719748,634266,604114,444353,521167,635122,701191,729992,709058
Americas,Chile,Import,Crustaceans,449,370,369,422,536,744,983,1426,1829,2026,3215,4182,5208,5629,6665,7403
Americas,Chile,Import,Fish,9471,7562,9864,11244,16167,17055,18909,47902,23213,17578,26598,52004,40453,40900,39033,49989
Americas,Colombia,Export,Crustaceans,10981,13074,13598,14321,13841,17513,17877,16637,17747,17459,12954,8150,9082,3174,2500,2661
Americas,Colombia,Export,Fish,81683,66406,58923,53040,62475,59550,48241,55819,72683,62159,46855,57230,50810,52904,64281,50937
Americas,Colombia,Import,Crustaceans,178,234,173,297,509,856,1305,1773,2234,2296,3041,3744,4284,5957,5627,5532
Americas,Colombia,Import,Fish,54940,59189,67459,75014,86123,96809,99928,98578,101161,91158,95657,103818,111939,135720,145636,141451
Americas,Costa Rica,Export,Crustaceans,2096,2740,3349,2199,2457,2281,1649,1029,726,619,516,709,813,1278,1419,1486
Americas,Costa Rica,Export,Fish,30828,41715,43958,38113,30313,32074,26573,24204,27934,23654,20824,24004,24800,25813,22960,20614
Americas,Costa Rica,Import,Crustaceans,209,450,347,467,339,277,492,502,490,577,748,1189,1371,1093,1597,1794
Americas,Costa Rica,Import,Fish,16263,19969,26892,23695,23263,22295,20533,20046,26340,26108,23436,36528,28434,30701,42711,46617
Americas,Cuba,Export,Crustaceans,7271,6143,7234,4747,5701,6304,6590,6396,5688,5438,5182,3930,3221,3390,3081,5182
Americas,Cuba,Export,Fish,317,665,1480,1459,4530,393,591,678,405,437,503,391,363,374,339,324
Americas,Cuba,Import,Crustaceans,15,76,41,27,54,68,38,78,50,14,14,4,11,10,11,26
Americas,Cuba,Import,Fish,29947,28089,15697,27863,53661,42368,21050,24076,30015,19717,12462,13086,9800,9090,11367,14547
Americas,Curaçao,Export,Crustaceans,0,0,0,0,0,0,0,0,0,0,0,116,0,0,1,7
Americas,Curaçao,Export,Fish,0,0,0,0,0,0,0,0,0,0,0,12707,15329,16334,18146,19815
Americas,Curaçao,Import,Crustaceans,0,0,0,0,0,0,0,0,0,0,0,281,65,186,182,140
Americas,Curaçao,Import,Fish,0,0,0,0,0,0,0,0,0,0,0,1604,1514,1461,1306,1491
Americas,Dominica,Export,Fish,0,0,0,1,0,3,0,1,1,0,0,0,0,0,0,0
Americas,Dominica,Import,Crustaceans,5,2,4,3,3,8,4,8,7,28,16,22,16,10,2,2
Americas,Dominica,Import,Fish,671,569,570,507,580,509,427,547,515,689,307,421,371,394,935,1026
Americas,Dominican Republic,Export,Crustaceans,39,45,76,57,25,136,123,168,167,99,244,475,289,461,392,586
Americas,Dominican Republic,Export,Fish,1510,1499,2152,4319,1231,1519,826,768,1156,1249,1968,4887,3148,3351,4270,2978
Americas,Dominican Republic,Import,Crustaceans,172,228,695,817,847,1155,2392,1995,2349,4319,2307,2616,2139,1628,2284,2137
Americas,Dominican Republic,Import,Fish,27563,27163,39804,34370,31998,33023,35060,35267,41832,41123,40714,42524,43769,34042,31324,35249
Americas,Ecuador,Export,Crustaceans,35069,45539,46937,53882,69870,91448,119370,126138,125131,135337,149009,188454,210325,225201,300732,358028
Americas,Ecuador,Export,Fish,170314,196161,193642,215668,199129,218781,257604,247183,262531,258741,259272,322927,311722,343073,365157,342297
Americas,Ecuador,Import,Crustaceans,9,30,55,141,141,109,73,111,101,62,80,111,762,617,382,20
Americas,Ecuador,Import,Fish,1983,5726,25510,27061,17202,5380,8805,38203,132318,163239,152399,168316,88507,53001,80910,69548
Americas,El Salvador,Export,Crustaceans,1989,2505,1662,1892,1251,1256,934,1079,377,651,590,144,57,180,92,72
Americas,El Salvador,Export,Fish,1061,445,6328,10249,12849,16842,14450,18648,19055,19245,14963,15422,18547,21106,20913,19758
Americas,El Salvador,Import,Crustaceans,311,287,378,655,821,980,1652,2585,1567,6716,3083,937,948,633,3527,495
Americas,El Salvador,Import,Fish,4317,5982,3921,7307,10932,31539,18267,25109,10811,34657,21370,13204,16283,22262,20904,20738
Americas,Falkland Is.(Malvinas),Export,Fish,13982,13248,17888,18805,21117,19653,20363,12040,16937,21925,38027,24666,7561,24569,21851,5263
Americas,Falkland Is.(Malvinas),Import,Crustaceans,1,2,1,5,2,4,23,19,6,7,7,8,2,0,0,1
Americas,Falkland Is.(Malvinas),Import,Fish,52,102,3,7,54,23,10,20,25,26,27,27,23,24,28,26
Americas,Greenland,Export,Crustaceans,55274,57363,63741,73797,74011,84422,75783,49856,72641,65637,68897,67272,63277,56501,55326,41715
Americas,Greenland,Export,Fish,48076,54209,63044,69696,46143,53724,59944,60707,46551,39267,45129,44349,68465,139569,170571,142613
Americas,Greenland,Import,Crustaceans,53,51,139,110,61,60,458,24,49,1443,923,164,62,67,345,610
Americas,Greenland,Import,Fish,182,214,231,496,1457,330,405,208,333,316,347,525,501,626,378,440
Americas,Grenada,Export,Crustaceans,3,19,1,11,6,7,6,1,4,5,5,2,4,5,16,7
Americas,Grenada,Export,Fish,1140,690,623,613,448,490,513,529,432,643,775,699,649,891,1095,750
Americas,Grenada,Import,Crustaceans,13,12,9,19,16,19,44,49,54,29,15,18,9,12,10,11
Americas,Grenada,Import,Fish,636,915,909,1002,1048,1030,1047,1179,1031,854,584,566,602,475,612,465
Americas,Guatemala,Export,Crustaceans,3471,2130,6986,9956,9033,5475,11576,15409,14627,13081,9689,8631,11158,11094,12367,11612
Americas,Guatemala,Export,Fish,28037,19756,4139,1523,5557,7798,7966,9558,6223,17485,25650,24455,11433,11648,12123,7425
Americas,Guatemala,Import,Crustaceans,392,363,978,1020,1830,843,1187,2048,1840,2114,2768,3676,2987,4020,7904,7603
Americas,Guatemala,Import,Fish,3422,4214,8215,6750,14738,24576,19863,20401,10128,17433,21741,17043,26637,23684,24806,18687
Americas,Guyana,Export,Crustaceans,12523,16261,12278,14981,14091,16843,15210,20842,22700,13152,11946,10478,17982,14514,5678,7500
Americas,Guyana,Export,Fish,9165,9848,10243,9861,13478,12800,13154,13669,13832,10076,7762,9921,9783,11565,15634,13295
Americas,Guyana,Import,Crustaceans,0,32,27,25,7,2,0,170,1,1,3,1,3,2,1,8
Americas,Guyana,Import,Fish,725,606,1231,804,1082,1034,976,1654,543,807,873,1212,1406,1311,1247,1171
Americas,Haiti,Export,Crustaceans,146,146,177,165,136,155,142,185,168,141,153,235,151,163,133,181
Americas,Haiti,Export,Fish,278,270,221,160,261,150,136,210,301,400,270,287,224,152,180,174
Americas,Haiti,Import,Crustaceans,1,0,1,0,18,15,15,16,18,16,29,33,32,25,39,65
Americas,Haiti,Import,Fish,9045,10990,6652,8827,10408,9409,13518,14468,15055,16372,12467,16882,10194,20134,19291,21578
Americas,Honduras,Export,Crustaceans,11295,12637,16917,20438,23324,24196,29711,21041,19352,23842,21976,16152,31134,40524,55636,52608
Americas,Honduras,Export,Fish,1657,2348,4192,3432,5048,8346,8925,9134,9269,6176,3566,5350,8604,12449,12697,12252
Americas,Honduras,Import,Crustaceans,1111,1076,1028,1183,1287,1065,1199,1436,2614,1374,2290,2514,1986,2265,2044,3226
Americas,Honduras,Import,Fish,3129,2888,2718,3211,2736,4667,4064,4633,4840,5117,4527,6877,7563,6591,4834,6870
Americas,Jamaica,Export,Crustaceans,308,919,141,625,1017,917,933,545,733,556,632,803,595,648,397,301
Americas,Jamaica,Export,Fish,503,433,359,279,224,458,667,564,515,179,251,327,212,154,120,28
Americas,Jamaica,Import,Crustaceans,368,419,390,371,484,703,703,1081,940,947,1030,891,879,762,827,805
Americas,Jamaica,Import,Fish,22547,26739,27221,27792,27023,29132,30436,33894,29474,26088,25039,26817,26497,26699,26726,25959
Americas,Mexico,Export,Crustaceans,44582,46516,31914,31559,34405,32836,41438,46047,41128,49681,27480,38802,33458,25499,26700,36461
Americas,Mexico,Export,Fish,85860,100328,84029,103368,44141,57328,59050,73163,78879,85988,89038,182106,121025,72711,90922,63089
Americas,Mexico,Import,Crustaceans,7495,10194,9375,11055,9968,14902,15758,22442,25033,17935,22077,19855,21314,32267,35967,20756
Americas,Mexico,Import,Fish,47511,63338,46217,60226,99227,94869,132241,153866,145818,110844,149041,156475,160077,166878,193488,217744
Americas,Montserrat,Import,Crustaceans,0,0,0,1,0,1,1,1,2,2,2,2,3,3,3,4
Americas,Montserrat,Import,Fish,71,72,73,61,67,66,61,76,62,62,49,48,61,67,59,68
Americas,Netherlands Antilles,Export,Crustaceans,122,55,0,57,122,40,2,0,0,0,2,0,0,0,0,0
Americas,Netherlands Antilles,Export,Fish,7201,7793,6588,8155,8845,2157,3110,1990,10200,15519,12800,0,0,0,0,0
Americas,Netherlands Antilles,Import,Crustaceans,247,123,91,94,130,292,374,316,909,304,393,0,0,0,0,0
Americas,Netherlands Antilles,Import,Fish,2089,2036,1317,1579,1839,1832,2424,2100,2621,3103,2703,0,0,0,0,0
Americas,Nicaragua,Export,Crustaceans,9400,4974,6076,9342,12193,13922,12159,14022,15966,16724,17574,16674,28143,31165,33971,31931
Americas,Nicaragua,Export,Fish,2617,2664,3361,3619,4082,5023,4738,5301,4720,5220,5775,5583,5154,5446,6339,5338
Americas,Nicaragua,Import,Crustaceans,608,494,369,82,22,12,12,100,194,37,13,431,463,153,143,170
Americas,Nicaragua,Import,Fish,3065,2571,3373,3167,2699,3714,3712,3744,2552,3281,2907,3961,4836,4733,5090,7419
Americas,Panama,Export,Crustaceans,7927,10910,8761,9420,9689,10468,9763,10054,6862,7577,7485,5770,6938,9299,11761,11785
Americas,Panama,Export,Fish,52553,65687,66894,82863,84250,84665,83949,77816,94231,91265,50274,27142,21862,23915,30290,31399
Americas,Panama,Import,Crustaceans,78,78,134,143,120,106,94,196,264,163,179,295,345,558,802,746
Americas,Panama,Import,Fish,7527,7522,7772,9793,8005,10249,9478,10050,11052,11315,11778,13129,15634,15715,16559,18463
Americas,Paraguay,Export,Fish,26,29,44,117,271,320,260,143,89,33,8,5,6,5,6,6
Americas,Paraguay,Import,Crustaceans,29,15,14,9,11,13,24,15,33,46,42,98,26,103,71,103
Americas,Paraguay,Import,Fish,653,719,444,380,654,777,582,917,1451,1341,1705,1545,1756,1869,2293,1875
Americas,Peru,Export,Crustaceans,1133,1816,3020,3505,5276,7207,8614,10450,10854,11799,10670,13226,14071,13898,16082,18724
Americas,Peru,Export,Fish,77333,93034,46190,46822,48846,41237,97787,107196,106049,89301,56720,139327,132256,92359,85515,67502
Americas,Peru,Import,Crustaceans,5,36,85,223,247,156,106,71,406,164,403,660,773,1183,1487,3486
Americas,Peru,Import,Fish,26785,35332,38872,30934,33064,63429,23448,37581,41135,59654,109452,65712,59502,100782,94246,111799
Americas,Saint Kitts and Nevis,Export,Crustaceans,71,43,3,7,5,0,62,89,101,82,136,164,100,90,90,100
Americas,Saint Kitts and Nevis,Export,Fish,2,0,0,0,0,0,0,6,6,7,5,4,4,9,6,1
Americas,Saint Kitts and Nevis,Import,Crustaceans,22,13,18,18,39,36,44,41,86,48,75,48,47,46,44,68
Americas,Saint Kitts and Nevis,Import,Fish,790,454,736,597,581,521,750,678,684,763,798,636,396,572,550,647
Americas,Saint Lucia,Export,Crustaceans,0,0,0,1,0,0,0,0,0,0,0,0,0,0,1,0
Americas,Saint Lucia,Export,Fish,0,0,13,0,0,0,0,0,25,0,0,0,14,0,0,1
Americas,Saint Lucia,Import,Crustaceans,62,77,64,104,245,295,139,192,134,102,86,86,98,35,160,118
Americas,Saint Lucia,Import,Fish,1108,1003,1226,1354,1657,2305,1607,1592,1677,1236,1097,1071,1298,1050,1577,1587
Americas,Saint Vincent/Grenadines,Export,Crustaceans,47,64,110,41,55,41,20,13,21,31,73,21,21,22,54,48
Americas,Saint Vincent/Grenadines,Export,Fish,199,74,29,53,18,11,29,33,30,18,21,17,31,28,23,33
Americas,Saint Vincent/Grenadines,Import,Crustaceans,13,38,27,21,16,17,16,49,44,28,39,16,29,28,26,56
Americas,Saint Vincent/Grenadines,Import,Fish,402,386,393,448,444,460,456,445,537,428,419,345,419,398,389,502
Americas,St. Pierre and Miquelon,Export,Crustaceans,18,78,1,1,113,130,165,136,98,120,116,128,325,250,90,45
Americas,St. Pierre and Miquelon,Export,Fish,1754,1087,1025,894,1036,1255,1328,1656,1637,936,807,475,403,485,398,219
Americas,St. Pierre and Miquelon,Import,Crustaceans,2,3,2,2,3,1,1,19,1,4,3,4,6,3,3,6
Americas,St. Pierre and Miquelon,Import,Fish,37,21,82,11,15,4,30,26,19,4,6,25,19,27,26,37
Americas,Suriname,Export,Crustaceans,7630,8710,6147,6581,6806,5674,5579,5472,4002,5083,3808,3123,3265,3653,3028,2935
Americas,Suriname,Export,Fish,8595,8484,4511,4623,4797,4531,5388,5756,10554,12154,12002,12599,13715,14543,14194,15409
Americas,Suriname,Import,Crustaceans,196,20,525,500,18,6,2,2,2,3,5,2,55,180,53,85
Americas,Suriname,Import,Fish,1683,1533,1558,1912,2207,2451,1639,2217,1357,1763,2098,1321,1752,1942,1962,2208
Americas,Trinidad and Tobago,Export,Crustaceans,155,234,170,193,140,153,134,83,77,87,48,68,43,33,29,9
Americas,Trinidad and Tobago,Export,Fish,4204,4856,4892,3810,2948,2910,6357,3844,3763,4250,3439,3788,3562,4008,3773,5423
Americas,Trinidad and Tobago,Import,Crustaceans,40,68,91,79,205,569,344,464,723,624,734,959,1325,1444,1578,1054
Americas,Trinidad and Tobago,Import,Fish,3438,5264,8438,6863,8066,12115,8412,8466,7731,8146,7836,9986,11608,13814,11515,12513
Americas,Turks and Caicos Is.,Export,Crustaceans,100,157,131,121,194,253,266,242,101,96,63,79,87,49,74,84
Americas,Turks and Caicos Is.,Export,Fish,0,1,0,8,0,13,18,4,6,0,0,0,0,28,41,0
Americas,Turks and Caicos Is.,Import,Crustaceans,85,128,93,121,117,183,292,382,363,366,231,276,275,173,347,402
Americas,Turks and Caicos Is.,Import,Fish,195,206,215,211,231,531,853,927,950,1019,686,955,1215,1125,1055,1063
Americas,United States of America,Export,Crustaceans,67079,60730,66599,67547,56772,59444,57223,57907,62806,58645,68344,87887,96583,91214,100192,100661
Americas,United States of America,Export,Fish,783804,970365,922380,962389,1132819,1171988,1153878,1153546,1046338,963093,1022960,1245714,1173520,1230275,1235369,1175860
Americas,United States of America,Import,Crustaceans,476320,553940,590505,672545,693370,709059,777372,752002,736856,723676,733985,731240,704366,696274,757216,773515
Americas,United States of America,Import,Fish,1074345,1062632,1149612,1240652,1264154,1320874,1348617,1365235,1339658,1354942,1430527,1416432,1474375,1486740,1494973,1516759
Americas,Uruguay,Export,Crustaceans,2078,1311,1544,2092,1540,1413,1830,1889,1167,1306,1432,976,446,654,685,385
Americas,Uruguay,Export,Fish,64391,62620,63375,76940,86722,77859,69592,67076,98267,84998,77347,91337,76580,54511,61854,51685
Americas,Uruguay,Import,Crustaceans,117,147,81,133,61,232,185,345,257,217,264,353,284,383,438,372
Americas,Uruguay,Import,Fish,6810,10565,10835,13973,14541,13836,20902,28106,32097,33330,35017,28082,25860,22875,19650,14907
Americas,"Venezuela, Boliv Rep of",Export,Crustaceans,19088,13726,13600,16612,24644,18169,9654,17239,17436,10476,10764,10472,11116,11757,11475,16526
Americas,"Venezuela, Boliv Rep of",Export,Fish,23958,48715,36089,46066,59336,43894,1708,1886,470,143,205,173,38,14,99,9
Americas,"Venezuela, Boliv Rep of",Import,Crustaceans,363,399,658,515,635,344,269,296,358,464,1035,665,617,665,434,235
Americas,"Venezuela, Boliv Rep of",Import,Fish,20525,34642,21520,10308,18080,15545,18057,37224,46311,55130,41524,44182,59508,52962,58064,11175
Asia,Afghanistan,Import,Fish,0,0,0,0,0,0,0,0,0,0,9,0,0,0,0,0
Asia,Armenia,Export,Crustaceans,20,5,391,761,804,716,968,797,906,639,898,1346,2087,4618,4009,2786
Asia,Armenia,Export,Fish,11,97,53,28,68,131,80,70,81,23,432,1313,1844,2269,1733,1649
Asia,Armenia,Import,Crustaceans,4,0,1,4,0,0,1,0,8,14,14,11,34,47,25,49
Asia,Armenia,Import,Fish,799,1080,1239,870,833,6729,1791,1739,3436,3798,2595,3658,3539,2946,2604,2578
Asia,Azerbaijan,Export,Fish,1738,364,59,336,2300,3055,538,856,517,493,246,270,0,32,0,0
Asia,Azerbaijan,Import,Crustaceans,1,2,6,8,3,15,20,25,26,38,118,193,165,200,278,136
Asia,Azerbaijan,Import,Fish,2827,2344,3932,4180,5076,6977,7413,7870,10998,11678,12412,13417,14957,17480,10713,7635
Asia,Bahrain,Export,Crustaceans,3362,4023,4012,3757,5545,4405,3879,4086,4704,4951,4326,6920,6032,6520,5392,5910
Asia,Bahrain,Export,Fish,1342,1687,2365,2701,2357,1271,2907,2200,2434,3030,1761,1547,2598,1782,1430,3087
Asia,Bahrain,Import,Crustaceans,159,182,582,309,444,832,777,438,578,1010,610,831,1035,1002,2413,2980
Asia,Bahrain,Import,Fish,2553,2898,3073,2930,2881,4422,3952,4074,7133,6906,6422,8309,8780,8618,10208,9473
Asia,Bangladesh,Export,Crustaceans,28813,33583,29712,34510,42096,40900,45364,67817,58062,44030,51864,53827,34207,50194,52680,37730
Asia,Bangladesh,Export,Fish,9728,7196,7678,6644,8161,15797,14170,19682,26149,20347,26313,32621,18303,19453,16724,15127
Asia,Bangladesh,Import,Crustaceans,186,41,184,55,569,219,238,141,116,1069,259,557,231,377,363,360
Asia,Bangladesh,Import,Fish,1680,2518,7517,3057,3627,1876,3544,7744,5473,9796,24229,18136,27692,62470,83591,109796
Asia,Bhutan,Export,Fish,0,0,0,0,0,0,0,0,0,0,1,0,0,1,0,0
Asia,Bhutan,Import,Crustaceans,0,0,0,0,0,0,1,1,1,36,2,3,14,3,0,1
Asia,Bhutan,Import,Fish,0,0,0,0,0,1775,2131,2100,1723,1776,1932,2136,2630,2790,2770,2668
Asia,Brunei Darussalam,Export,Crustaceans,17,43,61,110,273,437,655,512,215,194,198,81,82,220,269,223
Asia,Brunei Darussalam,Export,Fish,268,105,8,28,6,15,79,35,83,183,335,563,1167,966,1168,1090
Asia,Brunei Darussalam,Import,Crustaceans,764,1517,860,808,1540,598,1338,601,500,440,470,386,1579,1820,1597,1634
Asia,Brunei Darussalam,Import,Fish,4367,5189,4339,5432,6631,5945,5638,4965,5167,4493,5377,6035,6948,9045,6766,6520
Asia,Cambodia,Export,Crustaceans,684,840,399,391,5202,3593,829,273,173,167,306,347,289,221,192,137
Asia,Cambodia,Export,Fish,42685,37184,51980,55904,40335,48383,29092,23768,24767,29829,34440,29616,30689,31772,31492,32287
Asia,Cambodia,Import,Crustaceans,1,2,1,0,51,3898,392,14,15,15,173,63,58,94,312,144
Asia,Cambodia,Import,Fish,3162,1069,1241,2137,2978,2745,3307,2703,2093,4382,2926,3815,2773,1363,10211,6315
Asia,China,Export,Crustaceans,142393,166994,198285,272915,323157,324760,389068,363523,331750,327930,623141,527895,381593,378423,345563,297373
Asia,China,Export,Fish,1028335,1366368,1348747,1346943,1550707,1699608,2001687,2068960,2038431,2041639,2302025,2755111,2678625,2760685,2881463,2780461
Asia,China,Import,Crustaceans,80582,84824,92419,104819,98834,95749,99835,93864,84754,90456,117506,120209,128311,144566,153482,176069
Asia,China,Import,Fish,921631,1018412,1032095,1126992,1390275,1629824,1768799,1857213,1851089,1841380,2063526,2216891,2030365,2193973,2231108,2027055
Asia,"China, Hong Kong SAR",Export,Crustaceans,621,265,188,129,118,53,92,40,46,73,30,106,81,46,32,60
Asia,"China, Hong Kong SAR",Export,Fish,47870,43603,44178,39378,39554,38237,37350,33878,34196,35149,35338,37017,33935,37153,35496,32120
Asia,"China, Hong Kong SAR",Import,Crustaceans,60379,55255,56103,50440,46965,48863,58895,59123,56240,66791,69572,68999,80279,81470,80062,72788
Asia,"China, Hong Kong SAR",Import,Fish,180241,215780,218301,221014,227962,218042,226935,216257,193906,198639,243380,242602,252392,271959,277795,294298
Asia,"China, Macao SAR",Export,Crustaceans,301,280,261,193,183,89,24,20,19,27,0,0,0,0,0,0
Asia,"China, Macao SAR",Export,Fish,11,0,0,0,75,71,130,77,105,473,0,0,0,0,0,0
Asia,"China, Macao SAR",Import,Crustaceans,1190,1794,2410,3164,2834,2448,2720,3125,3146,3210,3374,3315,3440,3657,4283,5111
Asia,"China, Macao SAR",Import,Fish,8833,9843,10501,14021,12944,13024,14213,13935,13607,13991,14163,14355,14345,13965,15989,16061
Asia,Cyprus,Export,Crustaceans,37,79,60,14,6,24,1,1,0,0,0,0,0,8,0,24
Asia,Cyprus,Export,Fish,687,666,657,574,2490,2988,2700,2562,2646,2166,2686,3303,3107,4339,3541,4549
Asia,Cyprus,Import,Crustaceans,484,680,438,540,695,882,1044,1236,1438,1390,1485,1519,1440,1182,1354,1317
Asia,Cyprus,Import,Fish,5354,5959,5866,6941,11031,11813,9598,11538,11716,8049,8436,8562,7963,8207,8303,8281
Asia,Georgia,Export,Crustaceans,0,0,0,0,0,0,0,0,0,0,0,0,2,8,0,1
Asia,Georgia,Export,Fish,831,2971,342,7781,3263,16303,6235,7035,14054,20533,21830,8245,1293,1666,4314,12232
Asia,Georgia,Import,Crustaceans,0,1,0,0,53,73,55,46,89,25,26,63,54,58,60,90
Asia,Georgia,Import,Fish,2794,2668,3516,5036,9186,14767,18625,20818,25068,18703,20687,21345,20899,23003,21227,21253
Asia,India,Export,Crustaceans,140974,150921,188470,201931,204923,215902,200538,165851,157489,163593,200236,272344,289388,300071,368553,400376
Asia,India,Export,Fish,307428,246443,261302,142982,185636,238141,311644,235070,195742,363979,399212,481879,482228,444938,449256,366673
Asia,India,Import,Crustaceans,114,300,823,629,741,1286,862,1188,1355,1205,882,1336,1108,731,851,1405
Asia,India,Import,Fish,3770,4292,2448,3064,4782,9542,9179,11659,11917,9940,19186,25246,18861,16238,21861,23586
Asia,Indonesia,Export,Crustaceans,128567,140485,135990,149675,160351,170169,185184,176259,189323,166755,163981,178844,182722,193204,216390,211210
Asia,Indonesia,Export,Fish,312271,257179,334326,591161,624533,539955,551742,474816,507629,511978,687238,653585,743574,731585,714987,494232
Asia,Indonesia,Import,Crustaceans,3342,1999,2552,2802,13379,2334,1655,3828,4442,5952,4335,6949,8916,9054,7571,6500
Asia,Indonesia,Import,Fish,26542,16101,20469,21155,28214,25298,45533,56492,110950,159216,217174,226657,147252,142546,132987,127417
Asia,Iran (Islamic Rep. of),Export,Crustaceans,1784,769,4576,7529,8129,1044,3255,0,0,4062,2996,4197,9899,11707,11676,13121
Asia,Iran (Islamic Rep. of),Export,Fish,4987,4284,9109,9794,11045,18854,26543,12491,15355,26756,37164,48921,49197,60030,54638,58120
Asia,Iran (Islamic Rep. of),Import,Crustaceans,0,0,0,0,0,0,0,0,4,16,3,0,0,0,0,0
Asia,Iran (Islamic Rep. of),Import,Fish,4913,3130,8421,30799,14524,17317,8014,11907,18038,32328,79422,60753,42705,38541,62415,58054
Asia,Iraq,Export,Fish,104,155,111,110,90,10,104,100,100,100,150,203,230,235,265,120
Asia,Iraq,Import,Crustaceans,0,0,0,7,5,1,4,9,3,10,2,11,47,123,204,204
Asia,Iraq,Import,Fish,56,18,128,1850,7800,8797,19178,24257,34162,38536,38494,39922,39649,38682,38012,36983
Asia,Israel,Export,Fish,291,395,319,333,450,532,664,782,1281,1093,711,223,648,908,686,373
Asia,Israel,Import,Crustaceans,285,429,378,500,514,631,763,973,1386,1494,1742,2420,1501,1917,2453,2310
Asia,Israel,Import,Fish,45759,50764,48418,52895,64007,55478,41802,55896,54350,54229,65914,71580,72206,82608,86809,83923
Asia,Japan,Export,Crustaceans,3671,5691,4712,4384,6317,7180,7103,7937,4477,3960,4330,3135,2591,2490,2967,2958
Asia,Japan,Export,Fish,171505,219415,231336,289749,347964,400915,532569,540387,437580,419721,479942,341388,343994,444741,365530,417559
Asia,Japan,Import,Crustaceans,435178,418837,425284,359054,438248,421473,424884,374489,358433,349733,347281,354500,364430,329623,289456,268306
Asia,Japan,Import,Fish,2125207,2264241,2271741,1953832,2061470,1971499,1766063,1656178,1636757,1508926,1588017,1582772,1596021,1455000,1493485,1536948
Asia,Jordan,Export,Fish,1158,100,115,128,34,16,2,0,43,0,0,0,2,0,0,0
Asia,Jordan,Import,Crustaceans,47,66,42,95,167,201,301,353,405,459,512,525,647,530,607,582
Asia,Jordan,Import,Fish,12386,13596,14316,14822,19251,17255,20970,20349,26874,28135,26629,24227,31871,29364,28383,32383
Asia,Kazakhstan,Export,Crustaceans,0,1,0,1,5,127,192,643,1173,689,89,628,938,111,57,32
Asia,Kazakhstan,Export,Fish,17706,21494,25680,30553,30340,32942,32313,34564,35231,37185,24178,20980,22402,19835,21728,23487
Asia,Kazakhstan,Import,Crustaceans,39,29,40,54,85,181,264,467,492,465,555,663,843,716,921,881
Asia,Kazakhstan,Import,Fish,37033,33938,33083,33398,32443,41477,43549,55840,63653,57875,54254,55929,55295,54326,43943,42243
Asia,"Korea, Dem. People's Rep",Export,Crustaceans,5459,8564,20184,20565,18941,7524,3595,438,509,1630,1718,1607,1043,1075,2749,4005
Asia,"Korea, Dem. People's Rep",Export,Fish,8226,4350,6361,9438,21842,19834,18310,11326,10811,9818,12901,10841,9176,9753,12018,13630
Asia,"Korea, Dem. People's Rep",Import,Crustaceans,967,1075,2702,2101,2154,2852,3277,4077,6351,4557,2669,1766,1840,3166,545,463
Asia,"Korea, Dem. People's Rep",Import,Fish,4665,12471,13721,12469,13694,12604,12309,11340,9809,12856,14196,21230,35069,43096,37773,34698
Asia,"Korea, Republic of",Export,Crustaceans,4517,5188,9141,10402,7462,10645,18311,15305,16966,15988,14186,19960,12740,9764,9755,10359
Asia,"Korea, Republic of",Export,Fish,288219,234701,245086,237230,217045,226507,220146,272794,323926,409920,561274,428508,476229,429935,441764,400625
Asia,"Korea, Republic of",Import,Crustaceans,46393,58895,87014,92641,114890,105970,129457,131839,111389,106184,101268,109669,107320,94630,101776,126751
Asia,"Korea, Republic of",Import,Fish,544997,813910,890846,924117,899330,877237,941218,969756,765069,781216,823589,892134,834079,807391,860863,891475
Asia,Kuwait,Export,Crustaceans,510,403,460,315,199,97,254,138,275,204,107,67,50,65,1,71
Asia,Kuwait,Export,Fish,0,48,27,138,26,41,681,209,300,568,427,245,188,213,6,172
Asia,Kuwait,Import,Crustaceans,440,359,482,1168,832,853,1441,2117,1853,1887,3274,3669,3367,4077,5416,5896
Asia,Kuwait,Import,Fish,10509,10128,9563,12987,11484,14245,17169,19911,19124,28794,22094,23110,32143,26109,28995,32801
Asia,Kyrgyzstan,Export,Crustaceans,0,0,0,0,0,0,0,0,4,14,0,0,0,0,0,0
Asia,Kyrgyzstan,Export,Fish,52,0,0,0,34,0,11,235,346,156,71,1,0,0,0,29
Asia,Kyrgyzstan,Import,Crustaceans,2,0,0,5,7,14,22,25,15,63,13,19,23,24,33,3
Asia,Kyrgyzstan,Import,Fish,3253,2662,3156,4558,4846,5095,6416,8697,8819,7253,7726,8640,9949,10120,11075,7062
Asia,Lao People's Dem. Rep.,Export,Crustaceans,0,0,0,0,0,0,0,0,0,0,0,0,3,1,0,4
Asia,Lao People's Dem. Rep.,Export,Fish,3,27,1,19,10,0,1,0,1,2,6,5,0,0,0,2
Asia,Lao People's Dem. Rep.,Import,Crustaceans,242,183,214,245,22,126,114,27,73,19,18,25,67,101,146,218
Asia,Lao People's Dem. Rep.,Import,Fish,2251,2646,2185,2555,2554,2619,2263,2518,2380,2243,2519,2986,2967,2892,3581,4622
Asia,Lebanon,Export,Crustaceans,1,2,2,1,7,2,2,2,8,21,6,16,21,25,9,10
Asia,Lebanon,Export,Fish,36,35,76,182,128,164,222,424,709,1127,369,442,430,516,656,663
Asia,Lebanon,Import,Crustaceans,521,764,836,997,1163,1242,1100,1502,1619,2270,2299,2668,2437,1985,2823,2633
Asia,Lebanon,Import,Fish,12817,17988,14427,15874,19694,18147,20444,20033,20357,23768,25686,24678,24986,27734,29821,27286
Asia,Malaysia,Export,Crustaceans,19697,26631,45016,30175,66122,72252,65402,74869,75202,69256,87788,87960,69805,58607,58663,46384
Asia,Malaysia,Export,Fish,36882,40425,65467,59354,105761,109040,109970,135042,134276,121042,125374,133596,123357,115541,106349,131126
Asia,Malaysia,Import,Crustaceans,21340,29063,62962,37910,54268,46323,35887,38118,26031,36313,44113,49532,56840,45883,53556,37851
Asia,Malaysia,Import,Fish,282655,304527,369853,329017,248065,326747,365372,361208,320184,324023,321614,271738,309372,365078,354875,317996
Asia,Maldives,Export,Fish,28796,29224,44625,69545,75416,81292,110581,65813,65122,39813,33934,38795,40711,42605,49434,45409
Asia,Maldives,Import,Crustaceans,0,125,145,167,203,174,309,391,381,366,448,528,572,664,776,1025
Asia,Maldives,Import,Fish,0,106,199,95,106,62,129,239,250,206,719,1731,882,980,2164,1470
Asia,Mongolia,Export,Crustaceans,0,0,0,23,0,0,0,0,0,0,0,0,11,0,0,0
Asia,Mongolia,Export,Fish,427,150,263,359,172,392,321,135,54,45,176,210,108,34,61,93
Asia,Mongolia,Import,Crustaceans,0,0,0,0,20,2,0,1,0,10,2,1,6,10,1,4
Asia,Mongolia,Import,Fish,322,482,383,429,201,331,319,643,798,669,936,1287,1927,1312,1303,843
Asia,Myanmar,Export,Crustaceans,44399,52321,63416,76963,80847,75721,98015,85862,61493,43316,35221,41080,41762,47338,51044,44343
Asia,Myanmar,Export,Fish,72210,92302,138251,136036,124616,192808,190056,185056,265965,264511,313894,302202,318797,302364,273666,257910
Asia,Myanmar,Import,Crustaceans,7,14,25,109,112,106,79,124,517,743,1437,1444,1335,987,1871,3115
Asia,Myanmar,Import,Fish,372,78,260,681,835,825,994,1314,1556,1953,3250,4468,5598,8268,6628,13472
Asia,Nepal,Export,Fish,33,25,0,9,41,18,0,0,0,9,0,6,14,8,4,6
Asia,Nepal,Import,Crustaceans,1,23,15,0,5,15,2,4,9,18,0,0,1,8,8,5
Asia,Nepal,Import,Fish,181,152,68,296,269,258,621,994,1793,4092,3545,6924,6626,6171,7467,7603
Asia,Oman,Export,Crustaceans,676,1662,466,408,220,78,66,38,99,145,179,425,113,106,34,206
Asia,Oman,Export,Fish,35009,27805,46210,47707,77869,53974,47826,35632,51940,62823,84798,61644,64302,83741,76608,96414
Asia,Oman,Import,Crustaceans,357,664,463,947,756,747,1121,1856,1761,1936,1187,1708,2172,1893,2046,2011
Asia,Oman,Import,Fish,10722,12137,9182,9340,5346,13475,9503,9939,12932,14021,11975,16721,17982,12854,19597,25463
Asia,Pakistan,Export,Crustaceans,17602,16552,15191,13011,16094,14088,15077,17123,19707,15870,22709,23317,23480,21417,17966,15872
Asia,Pakistan,Export,Fish,60766,61028,67485,79994,86887,82497,113235,104807,111575,111495,94632,110847,116239,116502,127653,114365
Asia,Pakistan,Import,Crustaceans,54,13,14,12,52,65,0,47,1,0,2,0,7,22,20,55
Asia,Pakistan,Import,Fish,38,46,72,354,1003,1434,1850,2206,1589,1375,1096,1688,2378,4208,4290,8587
Asia,"Palestine, Occupied Tr.",Export,Fish,0,0,0,0,0,0,0,102,50,59,19,96,42,85,0,119
Asia,"Palestine, Occupied Tr.",Import,Crustaceans,0,0,0,0,0,0,0,5,2,0,1,2,29,13,8,28
Asia,"Palestine, Occupied Tr.",Import,Fish,0,0,0,0,0,0,0,3792,4234,3578,3605,4207,2273,4098,4521,4678
Asia,Philippines,Export,Crustaceans,26589,27864,23743,25584,21046,18247,18930,16554,13509,15455,17015,23610,20372,20807,29062,24069
Asia,Philippines,Export,Fish,118524,89455,94384,110284,106038,72425,90297,109778,145843,143817,147472,148415,183549,243682,202581,172880
Asia,Philippines,Import,Crustaceans,204,323,1766,2525,1870,1494,1661,2214,2100,1859,2098,2453,3048,2879,4106,2926
Asia,Philippines,Import,Fish,140733,75800,127138,89107,69700,114057,108728,124458,130598,203724,147612,163654,217887,205973,239202,310653
Asia,Qatar,Export,Crustaceans,0,0,0,0,0,0,0,0,0,0,37,21,20,0,0,7
Asia,Qatar,Export,Fish,1509,2187,2269,2260,2319,4962,3143,2496,2450,3246,5749,3860,1579,2001,1753,1632
Asia,Qatar,Import,Crustaceans,176,156,431,479,488,923,1019,1725,2818,3064,4330,2700,2443,2276,2656,4257
Asia,Qatar,Import,Fish,2806,3610,3528,2290,3814,6449,8740,9879,15392,18587,18888,21520,28349,26594,28715,30833
Asia,Saudi Arabia,Export,Crustaceans,573,660,1127,6292,4098,6302,6329,8346,9349,10507,19278,12175,8768,4900,9526,13215
Asia,Saudi Arabia,Export,Fish,1705,1633,1718,2781,4837,7754,8188,8640,10281,12638,13863,19505,16561,19056,24152,20687
Asia,Saudi Arabia,Import,Crustaceans,3897,4642,6964,2821,3227,3845,5430,5723,3813,3759,7965,9760,13864,12602,14061,13466
Asia,Saudi Arabia,Import,Fish,66611,79387,77490,83949,112109,125311,138360,138658,102889,108671,181828,187781,211546,209848,216349,212109
Asia,Singapore,Export,Crustaceans,10522,9473,7581,5576,11086,6765,5783,3704,3477,3981,3636,3485,4032,4570,3822,3973
Asia,Singapore,Export,Fish,84415,70952,56077,57964,60796,69396,68849,60540,53890,45794,50120,41268,38925,32139,24083,30522
Asia,Singapore,Import,Crustaceans,20311,18453,19661,27644,34329,32292,32412,32333,32217,33389,33344,33685,33655,35951,39675,34208
Asia,Singapore,Import,Fish,127029,119562,122503,150568,156938,168130,170125,163477,157420,153234,152268,152803,148246,137345,135621,139075
Asia,Sri Lanka,Export,Crustaceans,5705,4861,4963,6566,4377,3876,3537,3363,2386,3614,3293,3722,2757,3835,4225,3285
Asia,Sri Lanka,Export,Fish,13202,10052,8589,8653,9325,12189,17111,17320,16802,15146,14430,13967,14257,18157,19865,12915
Asia,Sri Lanka,Import,Crustaceans,586,524,385,321,1238,464,430,177,639,345,394,537,618,622,991,941
Asia,Sri Lanka,Import,Fish,79886,76079,74139,74863,65991,76026,77115,86321,75499,74280,81528,82496,70158,77083,77145,117756
Asia,Syrian Arab Republic,Export,Crustaceans,0,0,0,0,0,0,0,0,0,9,0,4,5,4,2,0
Asia,Syrian Arab Republic,Export,Fish,27,2,69,0,1,73,92,216,32,118,71,81,29,21,10,41
Asia,Syrian Arab Republic,Import,Crustaceans,3,1,0,10,0,30,26,52,164,94,163,120,82,68,33,15
Asia,Syrian Arab Republic,Import,Fish,7850,6236,12115,12813,14732,13129,21810,23476,20970,31441,28780,31137,21999,22215,23630,13904
Asia,Taiwan Province of China,Export,Crustaceans,2626,2382,6629,4349,2413,2062,1613,1261,1455,1336,1485,1812,1376,1685,2710,2639
Asia,Taiwan Province of China,Export,Fish,599330,618046,682606,658306,635379,657175,596999,661244,559637,634118,642328,630685,663220,676758,649656,628021
Asia,Taiwan Province of China,Import,Crustaceans,32517,25544,23229,18333,16870,15804,14666,22777,44592,42778,49273,46590,45622,49759,44956,47427
Asia,Taiwan Province of China,Import,Fish,84256,68754,77551,78223,69290,70546,62986,77655,115956,148996,159752,160241,177035,154317,161765,169382
Asia,Tajikistan,Import,Crustaceans,0,0,0,0,0,4,6,2,5,7,16,15,6,5,4,14
Asia,Tajikistan,Import,Fish,75,189,344,576,568,500,1139,1108,1414,1012,941,1670,1866,1712,2175,1855
Asia,Thailand,Export,Crustaceans,269759,275811,229898,254021,259351,304147,366130,376491,375146,402260,441147,405898,361394,220766,175697,179340
Asia,Thailand,Export,Fish,752920,838377,885382,1023426,1000520,1092188,1153738,1197463,1217032,1171639,1187153,1167410,1225595,1147571,1194308,1105444
Asia,Thailand,Import,Crustaceans,28603,35443,42745,40225,35907,36402,30978,26057,29095,25756,26648,34959,31649,30104,30528,33942
Asia,Thailand,Import,Fish,601743,737435,860776,958328,1116726,1304910,1336473,1298110,1417375,1449270,1446704,1509539,1496811,1462148,1397654,1338007
Asia,Timor-Leste,Export,Crustaceans,0,0,0,0,0,0,24,10,27,29,24,26,25,25,15,15
Asia,Timor-Leste,Export,Fish,0,0,0,0,0,1,0,0,0,0,0,0,2,12,0,21
Asia,Timor-Leste,Import,Crustaceans,0,0,0,0,2,0,0,2,1,43,87,63,42,21,47,12
Asia,Timor-Leste,Import,Fish,0,0,0,0,96,98,105,137,209,527,1153,1729,2252,2250,2801,2653
Asia,Turkey,Export,Crustaceans,3885,3850,4840,5148,4946,4583,3320,2963,2656,1880,1853,1684,1278,1199,1206,1427
Asia,Turkey,Export,Fish,25292,17746,21016,22715,28027,34531,36305,42249,49889,50266,50849,62855,71188,93082,107951,113548
Asia,Turkey,Import,Crustaceans,120,14,79,151,426,948,731,819,1025,892,1670,1808,1407,1282,2315,1913
Asia,Turkey,Import,Fish,42345,12056,20235,40028,55385,44186,50969,56446,58679,69425,75516,59959,59225,61669,70458,103098
Asia,Turkmenistan,Export,Crustaceans,1,0,0,0,0,0,0,0,0,0,0,0,0,0,0,0
Asia,Turkmenistan,Export,Fish,2222,790,592,114,520,142,94,71,78,0,0,0,0,0,0,0
Asia,Turkmenistan,Import,Crustaceans,1,0,0,1,0,0,1,0,8,1,1,2,2,8,48,15
Asia,Turkmenistan,Import,Fish,20,119,139,367,395,659,527,632,917,1080,2118,1530,2363,2257,2391,2603
Asia,United Arab Emirates,Export,Crustaceans,490,600,2006,1899,2128,6557,7645,6525,5436,5109,5438,8724,6375,5791,7013,7532
Asia,United Arab Emirates,Export,Fish,12599,16692,2631,4922,6551,8717,12297,6437,7480,10746,13621,17865,7546,11304,9265,9927
Asia,United Arab Emirates,Import,Crustaceans,13020,16460,15685,12135,11089,8066,11290,19762,19733,21816,23458,23716,32130,32966,43111,36477
Asia,United Arab Emirates,Import,Fish,27802,33655,33751,58137,50960,40990,44018,62831,79109,108797,131528,99248,133583,171461,173914,188892
Asia,Uzbekistan,Export,Fish,0,65,124,48,48,613,621,1081,819,663,1119,613,107,18,21,10
Asia,Uzbekistan,Import,Crustaceans,1,1,25,0,1,2,0,2,21,1,14,17,17,32,32,26
Asia,Uzbekistan,Import,Fish,453,992,881,922,1575,2002,1415,2109,3833,1524,3526,5205,6501,6607,7928,7077
Asia,Viet Nam,Export,Crustaceans,87770,150943,205575,215873,216837,241106,251302,254770,254147,251244,332929,374375,266319,369407,467079,370663
Asia,Viet Nam,Export,Fish,143094,179271,237076,196643,237978,278514,455686,455221,614080,436985,629029,728324,857604,876308,914401,934163
Asia,Viet Nam,Import,Crustaceans,3430,4170,9533,10808,15175,11349,9306,9205,13051,9163,10087,24998,20421,29022,57769,52492
Asia,Viet Nam,Import,Fish,1474,2739,5800,15659,24782,48252,64922,88854,95708,80967,112962,166042,176656,161166,186340,205067
Asia,Yemen,Export,Crustaceans,784,778,1160,1306,3328,2694,5032,859,1027,936,765,556,1122,1167,1365,878
Asia,Yemen,Export,Fish,18698,37019,50067,53050,45266,65213,77101,88600,97621,84019,101021,102562,95793,93116,75374,47141
Asia,Yemen,Import,Crustaceans,0,0,3,52,22,66,31,457,41,50,14,29,83,41,42,53
Asia,Yemen,Import,Fish,3725,3867,3096,4282,3563,6079,9773,8239,11249,9568,14751,13065,18053,15208,13665,10406
Europe,Albania,Export,Crustaceans,10,59,6,8,1,0,10,3,0,122,70,107,88,14,91,189
Europe,Albania,Export,Fish,1534,1795,1971,2561,2693,511,547,300,360,3156,3528,3031,3929,4881,4575,5749
Europe,Albania,Import,Crustaceans,9,5,5,8,5,33,151,146,202,180,315,482,432,407,595,635
Europe,Albania,Import,Fish,4498,5377,6720,7352,7807,7740,7946,7944,8509,9156,7972,8640,7439,8101,8014,9990
Europe,Andorra,Export,Crustaceans,0,0,0,0,0,1,0,0,0,0,0,0,0,0,0,0
Europe,Andorra,Export,Fish,0,0,0,0,0,8,0,0,0,2,0,2,1,0,0,5
Europe,Andorra,Import,Crustaceans,332,251,200,190,182,173,181,194,239,206,194,185,171,161,171,378
Europe,Andorra,Import,Fish,1722,1870,1927,1890,2022,2080,2020,1996,1686,1607,1626,1668,1649,1671,1673,1584
Europe,Austria,Export,Crustaceans,11,19,8,20,15,16,186,250,344,328,246,603,795,695,430,472
Europe,Austria,Export,Fish,4311,3062,5673,8240,10740,4158,2821,3964,4749,5445,6674,8401,10083,10029,8981,8787
Europe,Austria,Import,Crustaceans,1767,1988,1747,2196,3393,4464,3801,4160,4102,5101,4963,4887,5130,4814,5345,5594
Europe,Austria,Import,Fish,39814,44228,44874,50707,55150,54011,53492,61022,58835,55833,56676,62169,64231,67072,65798,65420
Europe,Belarus,Export,Crustaceans,522,188,166,301,254,376,339,338,287,751,1176,1876,2163,1813,1633,1483
Europe,Belarus,Export,Fish,13475,10873,9461,13818,17036,20912,28132,33863,38229,22120,24988,30525,36246,49596,57816,54642
Europe,Belarus,Import,Crustaceans,1637,616,648,937,1149,1472,1319,1570,1719,2115,3306,3687,3630,3933,3549,2058
Europe,Belarus,Import,Fish,84179,109113,122330,119605,127768,131849,132597,138024,147239,136158,130910,115490,130596,153123,165338,156394
Europe,Belgium,Export,Crustaceans,25085,26579,31115,41583,45665,50430,60880,62740,65817,56486,56768,61614,50231,48743,47086,43418
Europe,Belgium,Export,Fish,61262,75119,73841,84568,86087,83886,90379,82996,87734,78778,80807,73537,72052,74608,81322,87561
Europe,Belgium,Import,Crustaceans,39965,39868,46761,61680,64652,69668,80857,83687,87091,72444,75543,83064,67983,61641,64644,57351
Europe,Belgium,Import,Fish,139166,148293,146200,163373,166367,165149,172489,167494,178871,165483,168544,165379,163273,166697,181640,179707
Europe,Bosnia and Herzegovina,Export,Crustaceans,16,10,0,0,3,5,5,2,2,0,0,0,1,2,3,2
Europe,Bosnia and Herzegovina,Export,Fish,60,35,155,468,2313,2375,2795,2488,2776,3033,3146,2981,2332,1976,1673,2105
Europe,Bosnia and Herzegovina,Import,Crustaceans,46,42,169,19,43,52,40,45,64,46,42,42,43,40,55,67
Europe,Bosnia and Herzegovina,Import,Fish,4479,5972,6360,8149,12406,13206,11027,11361,11728,11378,10869,9746,9241,9543,10623,10309
Europe,Bulgaria,Export,Crustaceans,0,0,0,0,0,1,0,28,4,11,143,1058,1293,1047,1194,1414
Europe,Bulgaria,Export,Fish,1783,2054,2916,2985,2979,1800,2175,2499,3228,4184,6398,5366,6028,6748,5390,6184
Europe,Bulgaria,Import,Crustaceans,74,64,47,112,119,172,225,315,461,418,415,494,435,1032,1740,2499
Europe,Bulgaria,Import,Fish,16554,18244,17451,22830,23221,24219,29198,22122,29266,28980,27666,26177,26780,28436,27373,29178
Europe,Croatia,Export,Crustaceans,138,123,147,149,185,160,170,150,153,124,119,110,123,162,257,282
Europe,Croatia,Export,Fish,17117,20148,20959,21524,21971,22719,27792,28969,27570,30901,32407,36980,31118,32239,44289,49485
Europe,Croatia,Import,Crustaceans,363,492,463,578,626,673,720,926,1067,892,1150,1113,1435,1194,1312,1435
Europe,Croatia,Import,Fish,20877,35866,49591,50578,31329,46080,43408,37628,43631,34645,31548,27220,22703,20202,19247,22274
Europe,Czechia,Export,Crustaceans,35,59,32,51,26,37,40,102,58,84,74,96,165,355,298,150
Europe,Czechia,Export,Fish,12130,13312,12787,13374,14780,16916,18801,19646,18549,21523,23205,24221,24663,24269,26342,28196
Europe,Czechia,Import,Crustaceans,277,318,349,456,444,492,511,740,795,926,844,1011,1204,1577,2409,2036
Europe,Czechia,Import,Fish,49473,49342,47427,49194,54739,57518,56431,60166,62863,60766,59579,57780,55986,56604,59397,62569
Europe,Denmark,Export,Crustaceans,108531,101313,116350,126947,164205,173056,178423,148301,136458,127694,126480,106894,103671,108059,103413,89902
Europe,Denmark,Export,Fish,637646,650058,649867,662694,661030,572849,550500,549724,585764,596224,593963,553339,588827,651031,676476,678250
Europe,Denmark,Import,Crustaceans,99965,99130,111644,122891,143353,154888,162764,137534,120639,112614,107576,99923,96233,97985,96809,84819
Europe,Denmark,Import,Fish,578474,580996,569124,586158,572902,546761,537693,531771,533654,554290,526485,508371,490286,552690,546460,572690
Europe,Estonia,Export,Crustaceans,9812,1571,1735,2834,2382,3489,7258,9302,9291,7993,15527,12894,10299,6987,5037,4421
Europe,Estonia,Export,Fish,86655,153377,137614,121656,93981,123390,110943,104266,113022,111809,114965,105848,110503,103665,98934,93380
Europe,Estonia,Import,Crustaceans,641,662,945,1889,1926,2710,4395,7256,4891,3739,5057,4314,2420,2586,2848,1773
Europe,Estonia,Import,Fish,50429,60684,55435,52442,34958,34674,31046,38225,47966,36051,33119,37642,57412,55453,51605,42974
Europe,Faroe Islands,Export,Crustaceans,9216,14515,10808,9871,5954,4690,5188,6842,9230,8597,6914,6178,5479,2997,4772,4236
Europe,Faroe Islands,Export,Fish,149818,195159,210749,192765,162454,172224,167338,207937,195085,236238,259319,280249,286859,311955,312230,319717
Europe,Faroe Islands,Import,Crustaceans,94,255,267,32,1538,27,67,71,45,41,49,51,45,42,40,270
Europe,Faroe Islands,Import,Fish,6767,3456,5775,1765,3075,4215,2241,1453,1955,826,1292,1416,6943,8255,10862,20161
Europe,Finland,Export,Crustaceans,27,14,29,32,37,8,15,7,4,22,37,204,7,18,13,6
Europe,Finland,Export,Fish,15851,15770,13528,10359,18789,24636,26130,37998,41647,41916,42963,47415,53123,52890,55877,46283
Europe,Finland,Import,Crustaceans,2593,2973,2639,2859,2922,2835,3139,3500,3319,3500,4101,4109,4135,3823,3462,3036
Europe,Finland,Import,Fish,33228,38630,40150,46105,52755,47015,52393,61249,61329,61723,64678,72229,73242,72276,73909,69958
Europe,France,Export,Crustaceans,16833,16919,14588,19782,21655,23378,22632,23953,19823,18855,20720,16822,17211,18190,18299,18653
Europe,France,Export,Fish,332238,303427,275985,340487,374640,288301,282566,261631,293192,225498,207341,199544,232969,216691,188570,206038
Europe,France,Import,Crustaceans,104052,111858,119147,131915,140925,139788,140350,142710,139884,144655,152046,143950,143489,138733,138051,138074
Europe,France,Import,Fish,631373,679123,679278,688189,728864,736996,745955,730988,731542,747165,757451,766235,751651,763382,755692,758046
Europe,Germany,Export,Crustaceans,19660,12789,16674,20105,22374,19683,23948,25958,21102,20629,25437,29652,29234,29189,27642,27409
Europe,Germany,Export,Fish,387165,426217,433098,410514,459957,460729,476489,609588,623013,536188,623057,579577,621491,662234,690688,698517
Europe,Germany,Import,Crustaceans,33784,34332,29214,33324,36874,43560,47208,57479,55899,62870,68501,67212,65980,59731,63245,59296
Europe,Germany,Import,Fish,700552,727511,716161,708348,702242,742415,775840,797007,816553,786247,810232,860237,833014,815619,866836,850488
Europe,Greece,Export,Crustaceans,509,681,755,738,2705,1842,3406,2510,1620,2495,2137,2434,1614,2476,2671,3289
Europe,Greece,Export,Fish,57284,61048,53442,65650,68402,69073,84895,111048,99575,106194,117585,100752,110396,108821,96368,97038
Europe,Greece,Import,Crustaceans,3111,4222,4340,4819,5261,5115,6140,7392,6807,7932,7827,7067,6625,6644,6907,6436
Europe,Greece,Import,Fish,68318,64449,52842,58466,63935,63924,68369,72209,71203,66158,67076,60588,57546,54625,60744,56818
Europe,Hungary,Export,Crustaceans,0,0,0,0,0,3,0,0,0,0,4,8,14,33,17,23
Europe,Hungary,Export,Fish,3274,3055,2226,2539,1716,4162,1046,852,502,514,2127,3624,3648,3899,4470,6391
Europe,Hungary,Import,Crustaceans,153,178,174,217,142,166,183,163,270,333,365,452,547,492,481,477
Europe,Hungary,Import,Fish,13860,14485,15735,16798,15805,18915,15959,14557,17671,16350,17449,17897,16437,17499,19542,22036
Europe,Iceland,Export,Crustaceans,24900,28260,31899,32200,31292,23434,20742,16372,29705,24745,16339,13693,11413,10165,10581,10510
Europe,Iceland,Export,Fish,291409,310407,337200,355163,429650,453442,442061,411182,432772,416948,464392,484944,528384,562256,497004,409810
Europe,Iceland,Import,Crustaceans,34780,37563,41813,43227,53270,46101,38425,35963,30839,24886,29968,22492,14941,11464,15318,24498
Europe,Iceland,Import,Fish,7845,6160,10091,8580,5282,15004,9803,12452,17909,8245,17137,16580,9718,9281,34271,41143
Europe,Ireland,Export,Crustaceans,12350,13413,14269,14394,13611,13083,12653,16608,13155,12488,13443,13289,15421,13849,16605,17070
Europe,Ireland,Export,Fish,162282,238391,246271,199306,186047,131333,97661,113872,127225,136851,180781,138304,244302,203872,224499,212755
Europe,Ireland,Import,Crustaceans,6099,5937,3904,3893,4851,5724,5464,6979,5117,6906,8614,7495,7204,7010,7858,7980
Europe,Ireland,Import,Fish,18247,28367,59206,22607,20264,23353,26533,32295,29198,40589,64846,41184,95916,63182,58865,58690
Europe,Italy,Export,Crustaceans,4352,4105,4991,3530,3795,3901,4491,3997,3989,4035,4710,4515,4106,4286,3818,3724
Europe,Italy,Export,Fish,91943,84371,84556,80885,87107,94245,102842,97072,90627,93995,91557,82793,78489,85965,90553,97567
Europe,Italy,Import,Crustaceans,68923,78126,69906,77411,81221,87078,97941,100596,93662,95874,101542,101877,90206,89153,96107,94551
Europe,Italy,Import,Fish,431315,458071,464906,491978,505386,519616,533903,542402,535893,550377,561883,573963,557518,563107,599726,613830
Europe,Latvia,Export,Crustaceans,9,3,5,67,228,207,440,477,357,85,223,395,596,532,603,631
Europe,Latvia,Export,Fish,91873,124366,115932,105299,104204,106247,112441,112367,120255,100836,106822,104181,113605,120705,106981,95269
Europe,Latvia,Import,Crustaceans,158,251,290,509,793,729,1251,1546,1249,608,892,1216,1709,2217,1644,1696
Europe,Latvia,Import,Fish,30790,38838,33977,29583,25211,30135,35142,42290,51743,43455,49336,60007,60424,65364,72063,62698
Europe,Lithuania,Export,Crustaceans,2,28,65,54,117,201,184,404,316,240,292,287,297,358,394,532
Europe,Lithuania,Export,Fish,28964,56028,63410,78592,72230,92400,86813,100217,91044,102700,89027,90743,91680,102401,114455,111189
Europe,Lithuania,Import,Crustaceans,162,242,503,530,523,1361,766,1247,1245,821,903,889,949,1090,1240,1394
Europe,Lithuania,Import,Fish,59331,78408,71115,74713,72190,90363,79931,90563,95461,98657,102849,99427,108509,120548,136571,129317
Europe,Luxembourg,Export,Crustaceans,1139,1272,574,477,561,284,74,289,282,211,274,240,189,163,191,150
Europe,Luxembourg,Export,Fish,4886,2903,2402,2029,1461,1137,773,468,751,1027,1406,1252,1056,1034,1001,1142
Europe,Luxembourg,Import,Crustaceans,1999,1972,1060,2130,1505,1150,1152,1298,1246,1313,1707,1740,1833,1614,1616,1580
Europe,Luxembourg,Import,Fish,9743,7684,7367,6287,6113,5805,5815,5650,5730,6025,6816,7182,7983,7912,8286,12748
Europe,"Macedonia, Fmr Yug Rp of",Export,Crustaceans,0,0,0,0,0,0,0,0,0,0,2,3,8,7,8,6
Europe,"Macedonia, Fmr Yug Rp of",Export,Fish,41,23,9,59,59,61,28,195,296,378,300,291,117,127,151,113
Europe,"Macedonia, Fmr Yug Rp of",Import,Crustaceans,23,19,17,16,17,29,28,28,53,36,33,35,31,26,44,37
Europe,"Macedonia, Fmr Yug Rp of",Import,Fish,4921,4620,6129,5953,6865,5909,7299,7752,7174,6951,6560,7120,6242,6598,7504,8047
Europe,Malta,Export,Crustaceans,0,0,5,8,0,1,0,6,19,0,1,0,1,1,0,1
Europe,Malta,Export,Fish,1992,2267,3145,3306,1470,1376,4353,3160,4609,2423,7290,4442,5999,8371,8487,11104
Europe,Malta,Import,Crustaceans,332,325,360,1204,362,803,409,342,276,334,287,263,300,297,298,283
Europe,Malta,Import,Fish,5119,13731,11794,21105,22665,11956,10024,21631,21575,16810,7411,11674,18734,22670,24534,28441
Europe,"Moldova, Republic of",Export,Crustaceans,0,0,0,0,0,0,0,0,0,0,0,0,4,0,0,0
Europe,"Moldova, Republic of",Export,Fish,3,19,114,0,0,12,0,0,0,0,0,0,0,0,0,0
Europe,"Moldova, Republic of",Import,Crustaceans,7,9,20,30,61,94,135,178,258,192,264,322,339,230,255,184
Europe,"Moldova, Republic of",Import,Fish,12597,20009,19295,19263,24341,28549,27119,26070,33679,27794,26963,24897,26051,28698,27742,22318
Europe,Montenegro,Export,Crustaceans,0,0,0,0,0,0,7,0,4,5,0,0,0,0,0,0
Europe,Montenegro,Export,Fish,0,0,0,0,0,0,267,236,31,236,118,31,2,2,9,1
Europe,Montenegro,Import,Crustaceans,0,0,0,0,0,0,68,105,114,105,108,137,148,160,146,163
Europe,Montenegro,Import,Fish,0,0,0,0,0,0,1986,2587,2395,2545,2507,2411,2252,2533,2405,2564
Europe,Netherlands,Export,Crustaceans,61826,57488,62025,72618,75798,81355,84101,88591,80804,98377,98874,100505,87377,70086,80472,85505
Europe,Netherlands,Export,Fish,545276,587869,630742,711154,844680,905132,792928,762286,669438,613811,687119,618264,711251,704249,903758,893194
Europe,Netherlands,Import,Crustaceans,43996,46737,53606,81764,57148,60056,60285,62432,72630,87568,84998,84119,79031,67180,87075,82438
Europe,Netherlands,Import,Fish,472942,479252,487651,537815,522265,632767,652650,688323,591964,676503,777613,685007,767331,706527,779698,700996
Europe,Norway,Export,Crustaceans,44687,36133,34458,33504,32218,36746,32614,19917,26962,18510,18813,17938,13299,23749,30965,33804
Europe,Norway,Export,Fish,1769324,1689923,1687569,1671594,1590320,1634014,1611695,1866600,2017941,2334702,2441416,2255818,2373215,2300316,2476603,2356433
Europe,Norway,Import,Crustaceans,29387,20493,20638,15869,28528,21298,13979,22999,20809,20349,21184,20841,21394,21082,19072,19520
Europe,Norway,Import,Fish,379505,344638,285949,177275,176348,120819,134949,156223,147773,196966,142680,178394,183327,158249,221227,201101
Europe,Poland,Export,Crustaceans,14426,9189,9552,7284,7643,6031,7698,7724,2634,7105,6415,4607,2004,2137,2148,1703
Europe,Poland,Export,Fish,135024,154421,147062,147462,169244,176356,181648,197627,209205,238556,291041,312616,273263,285609,283801,301615
Europe,Poland,Import,Crustaceans,4596,4009,4158,5132,7087,5978,6788,6829,6218,6125,7313,6613,7255,7442,8113,8448
Europe,Poland,Import,Fish,266751,253039,215338,228793,282191,288182,325130,350638,387836,393659,435099,428735,438688,470554,499711,498029
Europe,Portugal,Export,Crustaceans,5417,4351,3445,3617,2656,4289,3894,5080,7667,7564,8046,9839,12881,10436,11555,13638
Europe,Portugal,Export,Fish,79075,78436,82597,87183,102670,98155,112276,118732,112796,106476,127353,140546,172622,194074,199328,198746
Europe,Portugal,Import,Crustaceans,14743,16868,17966,18562,20015,23168,24206,25657,26912,31353,33767,29913,32001,27845,34277,33850
Europe,Portugal,Import,Fish,253057,262929,269531,274076,278665,285664,314355,327432,296211,306509,292306,300207,338421,369927,365710,363555
Europe,Romania,Export,Crustaceans,3,0,5,0,3,2,3,19,16,19,9,35,31,2,10,19
Europe,Romania,Export,Fish,112,24,118,38,378,189,69,350,624,2824,2965,5010,4308,4405,3413,3872
Europe,Romania,Import,Crustaceans,763,589,290,102,196,289,315,504,706,552,609,699,841,902,819,1108
Europe,Romania,Import,Fish,34811,43516,50042,59446,66262,79185,79590,73568,86654,88132,83728,65590,71327,71813,82685,89187
Europe,Russian Federation,Export,Crustaceans,52242,44150,40305,37342,29368,29112,27964,33497,31538,30336,34320,38339,35634,37774,53634,55233
Europe,Russian Federation,Export,Fish,1119706,1157093,1176822,1170756,1183614,1318849,1315462,1276910,1327950,1342309,1597138,1713603,1662334,1848868,1654901,1727337
Europe,Russian Federation,Import,Crustaceans,8236,14559,22323,31800,36587,47359,48325,71041,69875,55691,65845,63923,59395,68622,55993,25498
Europe,Russian Federation,Import,Fish,459862,593962,579383,671860,778066,903688,800941,985869,998153,878905,899374,828420,873306,916176,791276,502925
Europe,Serbia,Export,Crustaceans,0,0,0,0,0,0,1,0,1,3,0,0,0,0,0,1
Europe,Serbia,Export,Fish,0,0,0,0,0,0,350,414,467,475,544,443,490,666,1061,1136
Europe,Serbia,Import,Crustaceans,0,0,0,0,0,0,85,114,148,98,117,136,124,129,179,123
Europe,Serbia,Import,Fish,0,0,0,0,0,0,27679,33944,33299,26653,23865,32935,32428,26631,29940,24724
Europe,Serbia and Montenegro,Export,Crustaceans,21,17,0,7,1,0,0,0,0,0,0,0,0,0,0,0
Europe,Serbia and Montenegro,Export,Fish,119,180,159,81,217,205,0,0,0,0,0,0,0,0,0,0
Europe,Serbia and Montenegro,Import,Crustaceans,22,39,44,40,82,91,0,0,0,0,0,0,0,0,0,0
Europe,Serbia and Montenegro,Import,Fish,10129,18988,23849,18315,30294,27124,0,0,0,0,0,0,0,0,0,0
Europe,Slovakia,Export,Crustaceans,0,0,0,0,0,0,0,3,6,20,16,12,17,32,11,21
Europe,Slovakia,Export,Fish,669,531,758,903,1523,1502,2313,1389,1333,1058,1450,2181,1660,1804,2130,1864
Europe,Slovakia,Import,Crustaceans,50,27,51,75,82,348,630,1117,808,449,512,413,313,400,150,149
Europe,Slovakia,Import,Fish,21585,20085,21762,20790,21205,20644,24169,21117,22454,21355,24308,23473,21628,24396,25039,27528
Europe,Slovenia,Export,Crustaceans,10,9,4,16,20,17,32,86,48,55,32,56,48,36,70,68
Europe,Slovenia,Export,Fish,2067,2081,2018,2052,2572,6545,3906,2898,3834,4002,4660,4322,3350,3980,4867,4850
Europe,Slovenia,Import,Crustaceans,374,338,350,357,405,430,486,593,636,601,571,538,512,495,557,551
Europe,Slovenia,Import,Fish,6731,7515,7999,8861,10245,13676,12431,10987,11963,12337,13352,12998,11637,12048,13084,13307
Europe,Spain,Export,Crustaceans,17012,21390,28621,25602,25830,21030,25539,35452,27811,35683,36312,44754,41963,42273,39676,45948
Europe,Spain,Export,Fish,591265,683892,583437,641545,646342,707838,683553,688820,708689,772201,775086,806489,747947,698055,800267,758771
Europe,Spain,Import,Crustaceans,142341,156708,155731,174634,176785,188989,215943,218095,206204,196401,207015,213800,184810,179429,186623,193619
Europe,Spain,Import,Fish,744496,860104,852893,953337,873584,870978,907342,947684,875031,933319,960381,958528,869937,869366,951333,979813
Europe,Sweden,Export,Crustaceans,4040,3539,4281,4366,5032,4608,3681,4438,4235,3593,4460,4040,3495,3572,4055,2871
Europe,Sweden,Export,Fish,254857,256377,255623,272257,312599,350017,426016,426368,458130,521772,571566,566575,629913,661474,695091,793065
Europe,Sweden,Import,Crustaceans,25754,27407,26302,29839,32010,34531,32892,35077,32565,33877,36976,35775,36012,38584,37083,33554
Europe,Sweden,Import,Fish,166410,178191,191502,237843,280332,316524,351770,413577,446178,474950,511076,546657,627994,646730,692965,764660
Europe,Switzerland,Export,Crustaceans,23,8,16,10,12,10,5,10,71,86,29,45,52,67,12,11
Europe,Switzerland,Export,Fish,79,82,122,148,169,179,188,210,176,245,283,261,318,500,659,473
Europe,Switzerland,Import,Crustaceans,6046,6430,5031,5883,6469,6625,7663,8639,8613,8827,9428,10201,9142,9415,9643,8721
Europe,Switzerland,Import,Fish,44903,46129,44831,45030,45954,45418,48577,48960,50747,52996,53270,53278,52745,57246,55503,57290
Europe,Ukraine,Export,Crustaceans,259,6448,186,592,872,567,498,726,382,157,107,131,29,76,116,211
Europe,Ukraine,Export,Fish,83452,50157,37794,31029,16320,19723,20411,24222,23521,59993,55869,48623,55451,51073,39349,8196
Europe,Ukraine,Import,Crustaceans,1610,318,643,1450,1518,4082,9174,14387,14519,7852,8337,10182,9310,9252,5328,1006
Europe,Ukraine,Import,Fish,232907,317739,295542,287564,296447,406307,382972,442048,549432,432584,345123,371921,407367,443498,330122,222846
Europe,United Kingdom,Export,Crustaceans,58887,61469,65250,67720,66835,65357,65508,66424,56734,57438,60769,52953,51800,54479,51472,46091
Europe,United Kingdom,Export,Fish,550326,567946,505910,543167,538108,546144,490971,512391,487417,565143,602204,527257,590690,573220,710251,637823
Europe,United Kingdom,Import,Crustaceans,83566,87693,91298,96255,95630,98910,99024,97125,90322,95218,94654,98073,94166,99357,90935,84698
Europe,United Kingdom,Import,Fish,453551,522982,513740,514375,546892,587591,642607,623825,641575,598380,590119,594704,635871,612203,584623,552023
Oceania,Australia,Export,Crustaceans,29353,28925,24458,24004,25430,23858,20850,16082,16667,14340,14396,13159,11776,13941,16596,15527
Oceania,Australia,Export,Fish,29558,32528,33459,29571,26403,26100,24380,23644,23162,24818,22341,22196,18916,17698,20663,31456
Oceania,Australia,Import,Crustaceans,15943,18574,18457,24757,28040,31343,35451,33645,28739,33435,35934,36635,40657,38909,40263,34964
Oceania,Australia,Import,Fish,101337,109051,112850,125541,151767,125529,130210,135254,140530,131452,144639,143955,152873,162312,162793,154433
Oceania,Cook Islands,Export,Fish,14,6,631,771,464,1265,740,900,500,400,1300,1100,1774,1056,1203,1378
Oceania,Cook Islands,Import,Crustaceans,4,5,3,3,2,6,6,10,24,25,30,34,23,27,19,21
Oceania,Cook Islands,Import,Fish,135,52,23,194,49,151,93,152,99,95,129,79,117,110,270,292
Oceania,Fiji,Export,Crustaceans,8,20,8,8,1,16,2,0,0,0,5,58,3,1,2,1
Oceania,Fiji,Export,Fish,10424,13120,15091,17530,19452,21187,23961,28892,36823,31993,43782,36216,6973,19150,20555,20499
Oceania,Fiji,Import,Crustaceans,41,165,112,126,177,183,163,198,157,155,242,160,241,256,197,311
Oceania,Fiji,Import,Fish,8865,16129,19515,35085,37262,33738,23523,23710,24446,22607,37943,71989,80106,63903,121406,67013
Oceania,French Polynesia,Export,Crustaceans,0,0,0,0,0,0,0,0,0,0,0,0,0,0,6,0
Oceania,French Polynesia,Export,Fish,1751,2801,1919,1211,770,586,634,857,442,793,943,912,1556,1230,1473,1776
Oceania,French Polynesia,Import,Crustaceans,388,379,473,606,579,712,729,848,719,806,758,393,428,330,438,296
Oceania,French Polynesia,Import,Fish,1526,1575,1500,1574,1604,1974,1543,1762,1877,1784,1696,1935,2120,1876,1937,1756
Oceania,Kiribati,Export,Crustaceans,2,5,7,5,1,16,6,0,0,0,0,15,0,0,0,0
Oceania,Kiribati,Export,Fish,7552,3511,4900,4111,4531,5864,5076,12241,12598,23550,26819,42298,54432,60870,98079,101862
Oceania,Kiribati,Import,Crustaceans,22,0,0,2,0,0,3,4,0,0,0,0,4,0,2,1
Oceania,Kiribati,Import,Fish,372,189,301,550,303,598,349,307,285,549,462,687,241,141,220,177
Oceania,Marshall Islands,Export,Crustaceans,0,0,22,0,0,0,0,5,0,1,1,3,4,3,15,1
Oceania,Marshall Islands,Export,Fish,3989,11130,16476,14985,21620,25528,15170,20366,25489,36006,40122,53219,54561,57739,61576,56096
Oceania,Marshall Islands,Import,Crustaceans,1,2,3,2,18,0,0,0,0,0,100,1,2,10,10,4
Oceania,Marshall Islands,Import,Fish,119,101,186,247,339,267,392,410,447,716,1301,1150,2897,1688,2702,1407
Oceania,"Micronesia, Fed.States of",Export,Crustaceans,0,0,2,0,0,0,0,0,0,0,0,0,0,0,0,0
Oceania,"Micronesia, Fed.States of",Export,Fish,17398,14290,16975,25431,23227,23233,8667,12933,16481,16694,19350,22428,30331,19721,30934,43697
Oceania,"Micronesia, Fed.States of",Import,Crustaceans,7,2,0,0,16,4,0,1,1,1,0,2,0,4,0,6
Oceania,"Micronesia, Fed.States of",Import,Fish,1011,1412,1136,1571,1506,1170,928,933,1064,1046,1613,2097,3160,2618,2315,2390
Oceania,New Caledonia,Export,Crustaceans,1253,1755,1411,1284,1516,1712,1789,1307,1297,1079,746,708,817,868,959,642
Oceania,New Caledonia,Export,Fish,967,1140,1102,1650,1124,1181,631,665,735,961,1139,861,809,805,655,611
Oceania,New Caledonia,Import,Crustaceans,35,34,26,29,27,46,34,52,61,38,38,43,33,29,28,23
Oceania,New Caledonia,Import,Fish,1095,1432,1134,1354,1255,1309,1407,1479,1822,1416,1602,1529,1674,1541,1387,1249
Oceania,New Zealand,Export,Crustaceans,3852,3043,3043,2923,2575,3143,3263,3089,3126,2981,4110,3473,4260,4260,3412,3501
Oceania,New Zealand,Export,Fish,199170,196943,211210,196075,198071,194841,192943,190425,175139,185387,222276,201195,225498,223584,211958,213938
Oceania,New Zealand,Import,Crustaceans,2202,1766,2261,2352,2788,3773,3983,4980,4336,3736,5589,5067,6987,5886,5243,4999
Oceania,New Zealand,Import,Fish,13658,13931,12989,12523,13182,15708,16276,18764,20411,19385,25897,22694,23110,21183,21108,21316
Oceania,Palau,Export,Fish,58,74,40,17,14,109,221,292,151,124,212,102,90,106,159,135
Oceania,Palau,Import,Crustaceans,2,4,2,0,11,1,33,53,35,36,48,59,60,59,98,97
Oceania,Palau,Import,Fish,62,86,109,100,107,110,187,341,371,346,257,261,279,323,276,413
Oceania,Papua New Guinea,Export,Crustaceans,1012,1151,739,811,478,689,450,521,474,239,460,360,192,164,448,611
Oceania,Papua New Guinea,Export,Fish,27462,37058,43133,58373,39598,36751,52804,59480,49821,45974,59265,59205,60372,55019,51649,61669
Oceania,Papua New Guinea,Import,Crustaceans,1,183,25,6,9,3,4,4,5,17,9,10,31,79,25,69
Oceania,Papua New Guinea,Import,Fish,8538,7025,10763,12244,13716,14183,14496,19067,17837,18411,15803,10461,12845,16463,19461,26099
Oceania,Samoa,Export,Crustaceans,0,1,0,0,0,0,0,0,1,0,0,0,0,1,0,0
Oceania,Samoa,Export,Fish,2154,1538,1573,874,1959,1191,1769,2711,3713,3364,4097,1455,2397,3184,1364,5462
Oceania,Samoa,Import,Crustaceans,0,11,11,41,47,39,124,107,116,59,79,29,34,90,176,158
Oceania,Samoa,Import,Fish,7674,4451,4310,5545,3325,2165,2761,3283,4478,3445,4253,2999,3974,2769,3524,4634
Oceania,Solomon Islands,Export,Crustaceans,3,4,0,1,0,1,1,4,6,3,2,0,0,0,0,0
Oceania,Solomon Islands,Export,Fish,13567,12521,12199,20721,17487,13929,21373,13793,12144,13851,14255,16096,22254,21647,34012,25024
Oceania,Solomon Islands,Import,Crustaceans,16,1,2,1,6,3,20,13,0,0,0,6,9,9,25,14
Oceania,Solomon Islands,Import,Fish,101,334,587,213,508,475,1300,1778,1204,1024,1488,851,721,1464,802,521
Oceania,Tonga,Export,Crustaceans,131,0,36,12,23,0,1,0,2,0,9,0,0,0,0,0
Oceania,Tonga,Export,Fish,993,346,2550,2363,826,746,1036,1004,434,224,366,480,634,517,878,618
Oceania,Tonga,Import,Crustaceans,39,23,15,19,15,19,16,24,61,66,52,64,40,62,58,22
Oceania,Tonga,Import,Fish,628,837,800,858,1041,873,620,1126,774,1087,699,805,431,716,675,640
Oceania,Tuvalu,Export,Crustaceans,3,0,0,0,0,0,0,0,0,0,0,0,0,0,0,0
Oceania,Tuvalu,Export,Fish,100,100,395,640,1501,1640,1980,2320,2674,2970,8812,4879,5308,9687,5325,4337
Oceania,Tuvalu,Import,Crustaceans,0,0,0,0,0,0,0,0,1,0,2,3,1,0,1,2
Oceania,Tuvalu,Import,Fish,5,0,19,12,36,36,16,29,44,21,74,62,10,41,10,99
Oceania,Vanuatu,Export,Crustaceans,2,1,0,1,0,0,0,0,0,0,1,1,0,5,1,0
Oceania,Vanuatu,Export,Fish,54825,27281,34308,44786,63509,79032,69305,71873,48308,48011,39282,29967,33386,31546,34682,34011
Oceania,Vanuatu,Import,Crustaceans,10,3,3,2,6,5,6,17,17,28,32,51,16,55,55,15
Oceania,Vanuatu,Import,Fish,978,457,513,1253,864,972,1371,1461,1735,1687,1699,2489,2160,2512,2284,3103
