Continente,Localidade,Fluxo Comercial,Mercadoria,2000,2001,2002,2003,2004,2005,2006,2007,2008,2009,2010,2011,2012,2013,2014,2015
Africa,Algeria,Export,Crustaceans,3591,4052,4415,4850,7089,9167,8867,8786,8074,5335,3584,4049,2771,2277,2849,2278
Africa,Algeria,Export,Fish,382,585,983,859,530,903,1677,1754,3154,2209,1357,443,1039,1755,1558,1486
Africa,Algeria,Import,Crustaceans,71,44,471,498,903,1178,796,1291,1407,2918,3135,4286,5138,6713,8239,7124
Africa,Algeria,Import,Fish,11990,13600,8206,15345,21798,19350,28950,25414,28891,49736,46003,52055,56841,81094,124682,99293
Africa,Angola,Export,Crustaceans,3425,4070,9755,2166,2347,9951,11648,7420,7876,7694,10559,6184,12125,14692,14774,16421
Africa,Angola,Export,Fish,4291,8007,6632,1937,1676,1522,6054,12913,25207,32468,28617,25652,44525,49679,49149,46693
Africa,Angola,Import,Crustaceans,95,156,399,287,277,718,889,1491,1127,3715,3030,4802,10197,5768,10838,5032
Africa,Angola,Import,Fish,16180,17751,17674,19950,31703,32338,59713,67985,121561,111642,119547,198178,331732,248574,306945,218737
Africa,Benin,Export,Crustaceans,1446,2337,3098,1862,627,945,1003,50,0,13,0,132,26,3,0,0
Africa,Benin,Export,Fish,21,13,15,30,25,0,141,334,33,79,1342,1130,347,373,919,243
Africa,Benin,Import,Crustaceans,11,3,42,1,0,163,228,0,1,0,1,8,28,13,14,1
Africa,Benin,Import,Fish,8577,4760,7872,10184,11235,15930,18794,24294,31851,27482,27322,32312,35186,38847,54557,61056
Africa,Botswana,Export,Crustaceans,8,8,1,5,6,0,0,6,3,8,3,0,0,0,0,46
Africa,Botswana,Export,Fish,26,53,64,44,26,80,42,10,19,271,131,192,458,504,215,631
Africa,Botswana,Import,Crustaceans,1197,725,320,225,207,87,137,192,135,170,163,326,85,126,242,292
Africa,Botswana,Import,Fish,8580,3410,3578,6309,6895,6821,6037,6732,8094,8987,12842,10765,13082,11426,13644,10879
Africa,Burkina Faso,Export,Fish,2,11,0,0,0,224,450,801,1159,1025,654,625,756,650,626,838
Africa,Burkina Faso,Import,Crustaceans,23,12,7,14,21,36,24,159,41,102,204,139,110,141,100,36
Africa,Burkina Faso,Import,Fish,1328,686,742,1124,1851,3816,4826,5594,6418,8606,8441,9536,10344,10414,11353,11071
Africa,Burundi,Export,Fish,132,183,163,137,162,173,214,228,207,226,184,217,180,320,324,215
Africa,Burundi,Import,Crustaceans,0,0,0,3,2,0,3,9,4,7,9,6,10,8,1,2
Africa,Burundi,Import,Fish,51,97,87,67,54,35,122,31,29,149,412,1241,2199,2469,2022,1712
Africa,Cabo Verde,Export,Crustaceans,243,4,332,403,766,388,464,385,22,431,438,903,1079,1262,262,159
Africa,Cabo Verde,Export,Fish,595,294,169,90,477,6771,10595,6624,8038,25013,36594,55147,43398,56967,67706,56636
Africa,Cabo Verde,Import,Crustaceans,35,37,42,92,97,168,217,282,433,316,315,561,530,721,816,605
Africa,Cabo Verde,Import,Fish,207,500,336,391,385,447,732,981,1789,1907,1404,2148,2381,2853,2644,2236
Africa,Cameroon,Export,Crustaceans,862,220,100,198,1,4,1,1,2,10,4,5,5,5,22,1
Africa,Cameroon,Export,Fish,76,145,29,113,50,97,896,1389,1355,2180,2855,1257,2404,2148,2582,1966
Africa,Cameroon,Import,Crustaceans,14,9,11,38,29,24,47,45,196,385,381,537,229,348,338,339
Africa,Cameroon,Import,Fish,27343,28552,23284,37269,44712,63251,76641,125716,176346,240923,185702,319592,247287,299051,303518,292535
Africa,Central African Republic,Export,Fish,40,0,0,0,0,0,0,0,0,0,0,0,0,0,0,0
Africa,Central African Republic,Import,Crustaceans,2,0,0,4,0,3,0,0,0,2,0,0,0,4,27,48
Africa,Central African Republic,Import,Fish,215,259,352,1069,1091,1079,1317,1750,1999,2956,4033,3104,3020,2605,5677,7201
Africa,Chad,Export,Fish,2,0,1,0,0,9,0,263,35,30,49,43,45,53,54,49
Africa,Chad,Import,Crustaceans,1,0,8,18,45,43,54,89,16,22,78,18,4,56,128,88
Africa,Chad,Import,Fish,4,71,753,1104,169,142,624,419,259,579,746,687,1114,1085,1589,652
Africa,Comoros,Export,Crustaceans,0,0,0,2,1,0,0,0,2,0,0,0,0,0,0,0
Africa,Comoros,Export,Fish,0,0,1,2,0,0,0,0,1,0,0,0,1,0,0,0
Africa,Comoros,Import,Crustaceans,21,9,0,0,0,0,0,0,0,0,1,0,1,1,10,11
Africa,Comoros,Import,Fish,314,425,229,623,859,709,728,463,1744,890,1167,535,1104,862,1352,1052
Africa,Congo,Export,Crustaceans,71,735,2144,3292,4331,46,2515,99,23,0,0,0,0,409,303,260
Africa,Congo,Export,Fish,2090,627,694,1012,809,1233,551,490,1040,918,893,831,415,313,566,676
Africa,Congo,Import,Crustaceans,0,9,0,0,23,10,17,43,44,356,120,499,792,270,236,201
Africa,Congo,Import,Fish,20567,24605,12263,9893,18013,10716,16298,11685,29936,20701,16727,33357,38380,64928,84103,70646
Africa,"Congo, Dem. Rep. of the",Export,Crustaceans,1,0,10,10,36,0,5,1,0,75,67,0,0,0,0,0
Africa,"Congo, Dem. Rep. of the",Export,Fish,585,334,316,423,410,419,388,401,390,514,650,700,767,787,1111,839
Africa,"Congo, Dem. Rep. of the",Import,Crustaceans,0,10,19,38,769,141,146,67,115,170,818,495,346,708,698,177
Africa,"Congo, Dem. Rep. of the",Import,Fish,26204,35629,38537,38584,44622,54291,62300,84939,93466,80694,111902,143916,141845,144325,159749,147421
Africa,Côte d'Ivoire,Export,Crustaceans,3309,3193,1439,1080,1031,519,791,527,1042,2588,897,700,110,581,919,258
Africa,Côte d'Ivoire,Export,Fish,124805,103672,138328,138587,157691,101906,123491,170228,195813,166000,101553,76061,114024,109672,93099,142987
Africa,Côte d'Ivoire,Import,Crustaceans,731,1041,1695,1429,2463,1433,1866,2763,3354,3683,3414,2113,2453,3260,2491,1446
Africa,Côte d'Ivoire,Import,Fish,131289,149112,178499,199603,186650,202213,228228,274757,391996,356475,254224,309381,323071,361120,392535,389841
Africa,Djibouti,Export,Crustaceans,0,0,0,0,0,0,0,4,0,0,0,0,0,2,0,0
Africa,Djibouti,Export,Fish,18,73,64,88,3,11,94,4,0,2,28,6,2,4,1,3
Africa,Djibouti,Import,Crustaceans,43,20,15,22,15,158,31,47,269,384,54,63,69,36,215,199
Africa,Djibouti,Import,Fish,1436,882,606,612,1379,1103,2231,1934,2007,2384,1321,2201,2740,4772,2749,5057
Africa,Egypt,Export,Crustaceans,51,9,3,17,14,3,14,116,16,148,205,72,329,1405,2933,2957
Africa,Egypt,Export,Fish,911,794,1393,2181,2770,3222,2677,3664,9210,12307,12524,18134,15599,21997,28895,26686
Africa,Egypt,Import,Crustaceans,227,1244,729,320,2097,5337,10386,23695,45994,69350,70562,75676,118208,65583,84882,85184
Africa,Egypt,Import,Fish,134667,132230,92734,102314,122199,129395,150312,187276,313987,384549,407352,433562,597066,504884,628767,638461
Africa,Equatorial Guinea,Export,Crustaceans,0,0,2,20,75,27,0,0,0,0,0,0,0,0,0,0
Africa,Equatorial Guinea,Export,Fish,1588,596,49,88,94,19,73,80,63,80,26,38,57,46,44,46
Africa,Equatorial Guinea,Import,Crustaceans,2,3,63,130,133,90,266,342,354,323,659,944,887,864,1163,901
Africa,Equatorial Guinea,Import,Fish,2626,5036,4626,8874,12215,11224,15810,17012,15615,25120,18302,21918,30494,28037,25201,17072
Africa,Eritrea,Export,Crustaceans,572,163,380,9,340,0,6,248,110,0,0,0,124,3,0,0
Africa,Eritrea,Export,Fish,1530,686,451,1533,148,45,73,201,248,160,12,7,66,0,0,0
Africa,Eritrea,Import,Crustaceans,0,34,29,3,12,22,15,3,0,15,10,13,0,6,0,7
Africa,Eritrea,Import,Fish,117,204,276,819,368,166,467,228,315,84,229,32,278,131,208,52
Africa,Ethiopia,Export,Fish,13,16,49,51,14,4,296,597,394,263,446,424,476,406,486,524
Africa,Ethiopia,Import,Crustaceans,0,0,0,0,3,5,5,20,90,145,135,184,200,686,288,158
Africa,Ethiopia,Import,Fish,101,39,420,551,274,489,1002,751,1569,898,1088,1395,1898,2739,3464,3386
Africa,Gabon,Export,Crustaceans,11305,8994,8821,9105,16989,21986,13526,12169,4380,432,137,0,491,12,6,0
Africa,Gabon,Export,Fish,1279,731,1675,691,2382,2298,2324,2633,3036,1708,1470,1639,2569,2716,3003,3314
Africa,Gabon,Import,Crustaceans,63,14,28,54,36,66,44,126,209,218,188,198,530,617,955,437
Africa,Gabon,Import,Fish,9670,10429,1611,7386,9724,11062,12919,13391,17056,19064,21381,33020,37421,40412,59053,53318
Africa,Gambia,Export,Crustaceans,1935,696,232,92,73,439,55,416,30,14,55,0,34,36,93,37
Africa,Gambia,Export,Fish,1353,584,737,201,206,463,260,2438,2198,5041,6429,2833,2230,1517,1745,1183
Africa,Gambia,Import,Crustaceans,18,405,12,0,9,11,0,0,13,0,0,8,3,1,117,180
Africa,Gambia,Import,Fish,471,683,433,278,475,344,556,845,787,775,1477,748,429,373,224,389
Africa,Ghana,Export,Crustaceans,935,947,528,1088,276,824,1217,2069,620,89,21,680,19,390,521,164
Africa,Ghana,Export,Fish,76795,82431,75355,119106,92478,95718,49484,57427,43394,53653,54758,55492,61451,59695,59279,70468
Africa,Ghana,Import,Crustaceans,3,4,32,189,105,193,130,333,134,259,60,627,308,217,374,190
Africa,Ghana,Import,Fish,82848,90611,120384,55746,116504,180676,121129,163987,121274,115997,141579,266918,232386,360111,253611,255438
Africa,Guinea,Export,Crustaceans,675,588,365,799,120,22,11,0,0,998,509,455,456,200,49,5
Africa,Guinea,Export,Fish,4103,4040,2469,3600,6767,9960,7004,4583,5482,6049,6933,7039,8256,7822,13263,10585
Africa,Guinea,Import,Crustaceans,2,4,1,0,0,0,0,0,0,6,1,7,19,13,11,2
Africa,Guinea,Import,Fish,291,1164,862,1408,514,613,314,606,917,1591,1901,1995,2520,2458,2161,1982
Africa,Guinea-Bissau,Export,Crustaceans,204,443,553,748,362,480,234,0,0,0,0,0,1,0,0,0
Africa,Guinea-Bissau,Export,Fish,1876,1990,3240,1784,2487,3021,2986,2883,2232,2059,3438,2681,2229,3102,3960,4748
Africa,Guinea-Bissau,Import,Crustaceans,0,0,0,0,0,0,64,79,0,0,0,0,0,3,6,3
Africa,Guinea-Bissau,Import,Fish,283,155,138,229,282,404,321,1373,1684,1456,708,1246,1210,1263,918,774
Africa,Kenya,Export,Crustaceans,1268,2411,1327,3961,2808,2464,2297,1131,1626,295,339,625,285,460,1229,818
Africa,Kenya,Export,Fish,36839,46283,53599,50950,48472,56596,51539,58776,71672,55001,61135,50666,59811,37098,44789,30232
Africa,Kenya,Import,Crustaceans,11,16,103,105,57,30,14,4,0,59,43,168,450,663,732,722
Africa,Kenya,Import,Fish,4096,4851,2194,2596,3819,5891,5979,8313,5790,6325,7530,11258,11398,14427,20885,18718
Africa,Lesotho,Export,Crustaceans,0,0,0,0,0,0,0,0,8,0,0,0,0,0,0,0
Africa,Lesotho,Export,Fish,0,1,12,8,9,0,0,0,56,370,685,614,488,722,2017,2660
Africa,Lesotho,Import,Crustaceans,32,15,22,85,6,0,0,0,62,183,466,251,110,34,68,14
Africa,Lesotho,Import,Fish,7752,2176,3634,4035,2594,1979,1957,1975,2525,3742,3384,6255,5919,5469,10628,8898
Africa,Liberia,Export,Crustaceans,0,38,0,140,216,22,46,13,3,0,0,0,39,0,4,0
Africa,Liberia,Export,Fish,49,43,80,38,167,369,593,617,639,996,1199,693,601,541,417,436
Africa,Liberia,Import,Crustaceans,223,13,103,8,34,92,71,160,156,171,91,56,93,105,445,278
Africa,Liberia,Import,Fish,2531,2201,1298,2197,2122,3014,3816,2757,5965,3373,5301,6260,9899,11581,16697,11966
Africa,Libya,Export,Crustaceans,0,0,1,0,0,0,1,0,0,85,12,0,0,0,1,0
Africa,Libya,Export,Fish,11786,7479,10543,10470,11802,14371,7646,8987,7581,5428,6457,3988,8959,9979,14023,16875
Africa,Libya,Import,Crustaceans,39,49,73,93,148,82,39,10,0,351,810,412,519,1330,1651,796
Africa,Libya,Import,Fish,8990,9214,9583,6715,7254,19700,33047,33119,35009,38973,69837,80637,144123,147188,157974,141533
Africa,Madagascar,Export,Crustaceans,13150,91700,117708,39179,29726,102822,109595,133589,118274,84028,66991,103974,66427,76753,98855,66410
Africa,Madagascar,Export,Fish,21292,32858,31532,44766,41393,25103,47121,46675,36164,25848,41277,48849,41346,47991,53683,41873
Africa,Madagascar,Import,Crustaceans,24,310,3,2,1,4685,966,1350,995,9,127,2331,398,172,10,131
Africa,Madagascar,Import,Fish,6632,8293,13641,16512,13623,12918,30973,55444,24870,17570,25936,38793,31811,39280,31729,20096
Africa,Malawi,Export,Fish,143,61,122,560,733,354,1554,259,294,198,276,451,270,254,156,136
Africa,Malawi,Import,Crustaceans,0,7,4,5,1,1,1,0,0,2,17,7,20,65,96,164
Africa,Malawi,Import,Fish,515,278,240,703,522,331,1061,991,1218,2027,1298,1377,967,1772,2471,2283
Africa,Mali,Export,Fish,416,251,200,92,115,62,281,926,130,165,84,249,60,102,204,68
Africa,Mali,Import,Crustaceans,26,16,11,49,37,38,12,4,9,41,111,7,130,63,369,766
Africa,Mali,Import,Fish,1698,1131,649,2366,3424,5217,6478,6832,7786,9601,11538,11042,11247,13008,24304,19592
Africa,Mauritania,Export,Crustaceans,3400,5381,5548,5052,3626,1070,1683,5554,5300,1770,12081,21831,12801,6400,24308,17763
Africa,Mauritania,Export,Fish,36988,35521,39590,32630,27083,35042,37061,56829,65239,33684,71179,119067,142248,143185,186394,203316
Africa,Mauritania,Import,Crustaceans,0,0,0,0,0,0,19,0,0,0,0,0,0,16,36,30
Africa,Mauritania,Import,Fish,29,29,57,61,12,105,120,161,191,430,827,665,737,938,1284,1265
Africa,Mauritius,Export,Crustaceans,1,1,0,295,42,0,42,37,1,0,0,1,0,3,0,0
Africa,Mauritius,Export,Fish,36607,63188,68396,74388,83797,109301,158128,194651,213734,215488,252987,270101,337159,369271,351611,270489
Africa,Mauritius,Import,Crustaceans,5110,6050,4393,5665,6994,7057,8472,11153,12646,9939,10870,12904,14611,13030,14112,12853
Africa,Mauritius,Import,Fish,33459,44762,121212,84206,105693,133376,200247,211284,285827,220740,218350,281264,366599,364567,317464,242975
Africa,Mayotte,Export,Crustaceans,0,0,0,0,0,0,0,0,0,0,0,6,0,0,0,0
Africa,Mayotte,Export,Fish,10,165,674,1055,746,689,851,837,868,748,741,762,634,588,450,0
Africa,Mayotte,Import,Crustaceans,111,181,128,242,177,227,238,350,425,319,182,51,74,28,0,0
Africa,Mayotte,Import,Fish,885,1184,1533,1759,1811,2095,2592,2508,4037,2940,2478,3351,3380,3469,3002,2662
Africa,Morocco,Export,Crustaceans,55810,53249,55693,62062,58360,89051,106168,154237,153437,150026,173999,199791,203296,191806,205307,182848
Africa,Morocco,Export,Fish,307915,356523,383094,508526,503125,585712,697899,718563,858728,853439,810069,723105,879252,947687,981028,908832
Africa,Morocco,Import,Crustaceans,2723,1844,2461,3810,3401,3960,11938,21553,30608,40385,70289,90872,91307,96632,103233,93137
Africa,Morocco,Import,Fish,4590,6211,8954,14718,26813,29543,43518,35065,35651,45477,41760,46355,35073,50792,81391,68896
Africa,Mozambique,Export,Crustaceans,95903,94028,117069,79036,94746,77975,90816,65824,68668,60392,52319,44962,19779,35896,50770,30651
Africa,Mozambique,Export,Fish,3482,5229,4807,16518,4843,5359,5299,3907,6566,4799,4113,5121,5288,6014,8034,5679
Africa,Mozambique,Import,Crustaceans,557,2,5,16596,17,13,107,220,23,15,4,61,70,174,216,160
Africa,Mozambique,Import,Fish,7958,7680,10494,15736,26932,30306,30809,25902,38097,39362,35387,57727,49510,93198,91658,85165
Africa,Namibia,Export,Crustaceans,6785,9616,10609,3347,7330,9020,9902,9067,12287,13485,10950,14476,9223,10801,17513,15005
Africa,Namibia,Export,Fish,268733,306824,257317,312975,332507,349726,422650,465366,542235,671125,734466,721239,712322,745375,672896,573700
Africa,Namibia,Import,Crustaceans,302,272,113,87,194,347,1516,1020,1480,4577,1608,1423,990,1904,1853,1288
Africa,Namibia,Import,Fish,19290,11194,6626,8817,16536,18040,17819,32627,31925,44650,33498,28658,25011,24906,27574,28803
Africa,Niger,Export,Fish,1599,4330,4344,4841,3308,2229,547,309,386,326,563,789,773,1112,1037,260
Africa,Niger,Import,Crustaceans,4,4,3,2,3,3,7,6,4,6,11,15,14,15,9,23
Africa,Niger,Import,Fish,497,614,249,428,493,572,784,749,1293,1341,1784,1168,1993,2249,2032,5839
Africa,Nigeria,Export,Crustaceans,11387,10579,14882,15140,26300,53496,42895,46310,70180,152830,160282,82509,78822,175644,93563,69142
Africa,Nigeria,Export,Fish,1085,1809,1778,2015,3567,2676,844,3089,1983,433,533,18002,20938,87466,8075,8710
Africa,Nigeria,Import,Crustaceans,8,0,31,11,96,40,140,179,0,135,180,8765,1285,8163,972,2586
Africa,Nigeria,Import,Fish,179520,447538,360586,480368,499011,607887,765042,884338,609944,772156,928752,1951132,1419637,1174951,1310608,1198997
Africa,Rwanda,Export,Crustaceans,0,0,0,0,0,0,0,0,0,0,0,0,0,0,9,0
Africa,Rwanda,Export,Fish,0,0,0,0,0,57,1,21,91,287,200,83,231,149,1179,2064
Africa,Rwanda,Import,Crustaceans,29,4,0,17,0,3,2,3,4,8,5,11,7,5,39,27
Africa,Rwanda,Import,Fish,82,112,173,118,27,34,453,3022,1783,2358,3786,6643,8203,8729,17966,21973
Africa,Saint Helena,Export,Crustaceans,3806,4899,4436,4247,3462,3163,2969,3143,5615,5436,6353,4223,5982,6116,4896,5682
Africa,Saint Helena,Export,Fish,189,1273,2493,1214,1949,1839,2259,4640,7670,3975,3328,6972,4038,3663,5983,11931
Africa,Saint Helena,Import,Crustaceans,0,58,0,195,111,7,90,5,8,5,1,3,3,15,81,28
Africa,Saint Helena,Import,Fish,220,78,75,126,35,197,421,110,51,35,79,40,24,90,117,96
Africa,Sao Tome and Principe,Export,Crustaceans,0,0,0,2,0,0,0,0,0,0,0,0,0,0,0,0
Africa,Sao Tome and Principe,Export,Fish,57,270,77,0,0,0,16,6,1,2,2,0,0,1,3,4
Africa,Sao Tome and Principe,Import,Crustaceans,0,1,0,2,2,3,9,10,39,30,26,43,55,85,86,83
Africa,Sao Tome and Principe,Import,Fish,63,6,15,26,18,14,64,131,123,125,117,249,262,282,259,170
Africa,Senegal,Export,Crustaceans,53603,75090,29159,41280,44710,45912,39597,31516,18554,20602,28519,26645,22288,26521,30554,28963
Africa,Senegal,Export,Fish,152136,156250,120283,139838,196807,155348,153569,200877,155116,171538,166681,198064,175546,227059,306758,259976
Africa,Senegal,Import,Crustaceans,269,151,235,43,116,99,56,50,67,52,74,80,78,190,26,103
Africa,Senegal,Import,Fish,1010,636,353,482,1243,1015,898,1812,2536,953,5480,16861,14069,18641,14467,19525
Africa,Seychelles,Export,Crustaceans,3208,2158,1308,7643,7765,5859,4575,2600,2416,208,3,0,0,0,0,55
Africa,Seychelles,Export,Fish,109941,142740,164825,286569,262203,288904,282871,277589,313959,303074,275240,351742,493120,479558,414363,360499
Africa,Seychelles,Import,Crustaceans,398,251,152,483,648,537,796,1547,1445,467,1971,2653,2211,1457,2302,3059
Africa,Seychelles,Import,Fish,9817,13941,22404,65601,73871,76962,94100,79405,61366,86205,94602,128688,145268,140867,127088,92943
Africa,Sierra Leone,Export,Crustaceans,3472,3742,8107,10997,8154,8318,6348,5522,4920,4812,5015,4750,5269,4650,3700,3600
Africa,Sierra Leone,Export,Fish,7488,7145,5229,4261,4313,4738,4733,5069,5046,5556,5541,5795,6068,6087,6141,6607
Africa,Sierra Leone,Import,Crustaceans,69,400,43,207,67,10,9,2,7,4,3,12,70,44,612,256
Africa,Sierra Leone,Import,Fish,929,1672,764,3131,1785,1945,1632,3557,3380,4048,2798,3309,2660,3344,4090,3518
Africa,Somalia,Export,Crustaceans,18,8,145,1,171,364,124,0,2286,3,113,644,337,132,22,109
Africa,Somalia,Export,Fish,2280,2960,2073,1113,2590,2276,2094,2639,2127,3064,1268,1460,686,943,1699,3217
Africa,Somalia,Import,Crustaceans,0,0,0,0,0,0,80,0,0,11,8,0,96,0,6,33
Africa,Somalia,Import,Fish,100,29,313,392,772,830,3970,2666,3745,5488,2849,6163,6301,11489,12038,15265
Africa,South Africa,Export,Crustaceans,34039,38654,45243,50662,66645,71128,62777,84163,75622,75530,88208,94846,89210,95877,103297,66326
Africa,South Africa,Export,Fish,190702,205281,211179,244797,238624,267883,236574,292138,316398,268698,283605,323177,302262,307399,356184,273069
Africa,South Africa,Import,Crustaceans,13020,13779,11674,15140,27697,40795,46305,49509,44150,48247,44502,74369,57616,74268,68420,43747
Africa,South Africa,Import,Fish,28431,30231,26911,44058,53690,58943,80921,115279,157881,181348,165281,159521,263633,265207,320346,248382
Africa,South Sudan,Export,Fish,0,0,0,0,0,0,0,0,0,0,0,0,2,0,0,0
Africa,South Sudan,Import,Fish,0,0,0,0,0,0,0,0,0,0,0,0,366,1011,575,604
Africa,Sudan,Export,Fish,0,0,0,0,0,0,0,0,0,0,0,0,169,223,772,1061
Africa,Sudan,Import,Crustaceans,0,0,0,0,0,0,0,0,0,0,0,0,97,262,54,0
Africa,Sudan,Import,Fish,0,0,0,0,0,0,0,0,0,0,0,0,5174,7074,5697,6308
Africa,Sudan (former),Export,Crustaceans,0,0,5,2,7,0,0,3,8,3,0,3,0,0,0,0
Africa,Sudan (former),Export,Fish,79,167,384,459,791,639,53,187,313,143,23,171,0,0,0,0
Africa,Sudan (former),Import,Crustaceans,0,0,0,0,0,5,48,22,124,182,291,120,0,0,0,0
Africa,Sudan (former),Import,Fish,328,226,405,276,137,373,2145,2835,1803,4382,3286,7719,0,0,0,0
Africa,Swaziland,Export,Crustaceans,1312,715,930,1158,3875,1085,49,0,0,0,0,0,7,0,0,0
Africa,Swaziland,Export,Fish,1259,842,1660,713,1512,768,130,32,167,178,152,110,9,0,5,0
Africa,Swaziland,Import,Crustaceans,1611,667,876,1305,3236,976,457,141,418,1,18,220,158,94,142,138
Africa,Swaziland,Import,Fish,6442,4651,4965,7866,10414,9224,5724,5005,3650,3502,3350,3371,3985,4766,8141,7352
Africa,"Tanzania, United Rep. of",Export,Crustaceans,8704,10733,11597,13075,11085,15069,5780,4804,3935,2181,1511,1691,2934,2602,4440,5377
Africa,"Tanzania, United Rep. of",Export,Fish,84748,98730,104043,116889,102107,124189,121880,153526,171022,137855,101178,88807,97792,75953,155175,150466
Africa,"Tanzania, United Rep. of",Import,Crustaceans,89,414,4,6,38,130,10,16,1,22,3,5,1,7,2,26
Africa,"Tanzania, United Rep. of",Import,Fish,355,349,116,574,548,403,1021,2269,3852,3958,3253,2146,3913,5869,18113,17251
Africa,Togo,Export,Crustaceans,311,190,0,0,22,0,13,0,90,0,0,0,4,12,0,20
Africa,Togo,Export,Fish,2677,5297,10120,2724,10300,4187,4211,2321,3539,5356,4401,4335,2900,1153,2181,1899
Africa,Togo,Import,Crustaceans,6,7,20,75,31,0,27,132,0,4,0,3,5,0,2,14
Africa,Togo,Import,Fish,11703,13437,6862,7521,4921,8672,7707,7667,7150,10083,24336,32562,32207,31974,29924,37278
Africa,Tunisia,Export,Crustaceans,54094,38503,32647,42051,44124,47611,49976,44509,50556,38142,37248,41423,30206,43318,47739,51930
Africa,Tunisia,Export,Fish,18481,24973,29361,22469,41846,66813,72868,91536,105545,78802,65757,90860,79375,89437,71754,68832
Africa,Tunisia,Import,Crustaceans,327,230,445,514,185,622,512,1241,1502,3172,4784,3623,3253,1232,522,782
Africa,Tunisia,Import,Fish,11023,18089,17326,35041,27482,39083,45618,49834,64386,61897,60154,68144,76276,71854,72754,52320
Africa,Uganda,Export,Crustaceans,0,40,0,52,0,1,2,0,56,0,7,0,34,5,0,0
Africa,Uganda,Export,Fish,28722,49591,85781,84593,99996,138911,140694,118084,118985,109167,124825,125856,122049,123929,134489,117060
Africa,Uganda,Import,Crustaceans,20,13,18,17,18,22,40,83,118,100,117,81,90,135,166,225
Africa,Uganda,Import,Fish,65,21,64,1000,121,531,139,576,720,654,1358,2580,3648,2219,3444,2176
Africa,Zambia,Export,Crustaceans,0,0,0,0,7,0,0,0,0,0,0,13,0,0,0,0
Africa,Zambia,Export,Fish,418,308,858,897,997,3418,357,384,1295,1090,905,530,465,431,725,501
Africa,Zambia,Import,Crustaceans,16,53,30,34,22,18,49,86,21,31,90,194,318,457,697,368
Africa,Zambia,Import,Fish,1196,984,1737,3337,2935,5093,5386,8423,5260,6259,8024,16945,31887,51001,77625,113357
Africa,Zimbabwe,Export,Crustaceans,6,16,2,0,4,0,0,1,0,0,0,0,3,0,0,0
Africa,Zimbabwe,Export,Fish,4299,3462,2387,2495,2459,1819,4673,3020,1453,2157,3246,4826,6596,8776,15321,12518
Africa,Zimbabwe,Import,Crustaceans,455,181,187,103,97,1361,148,185,50,112,188,238,194,633,512,581
Africa,Zimbabwe,Import,Fish,7210,2962,1801,1432,2563,494,3280,2035,2871,4653,17878,22833,23457,27840,24998,25749
Americas,Antigua and Barbuda,Export,Crustaceans,150,74,117,74,57,36,52,33,21,43,30,135,206,207,8,52
Americas,Antigua and Barbuda,Export,Fish,40,106,136,168,113,292,158,226,199,302,370,755,801,416,282,200
Americas,Antigua and Barbuda,Import,Crustaceans,603,112,391,2523,799,720,780,764,710,778,724,814,798,871,1183,998
Americas,Antigua and Barbuda,Import,Fish,3217,1500,2204,2842,3342,3899,5418,6804,5877,4762,5005,5286,5588,5319,5062,5391
Americas,Argentina,Export,Crustaceans,247849,376041,251544,388461,218293,88464,374959,291152,384248,323482,472443,528603,495691,634659,776839,780253
Americas,Argentina,Export,Fish,358548,329740,342766,374117,467718,486903,592668,619742,675952,662185,657656,709988,604064,559762,569476,509083
Americas,Argentina,Import,Crustaceans,7715,3792,327,455,460,2346,2947,2837,3190,3245,5353,6330,5323,6343,5257,5471
Americas,Argentina,Import,Fish,67030,61091,12402,24986,41626,53182,67535,89645,87219,86085,107839,139497,153710,168681,135020,148608
Americas,Aruba,Export,Crustaceans,0,0,0,0,0,1,0,0,0,1,4,1,0,0,6,0
Americas,Aruba,Export,Fish,241,358,777,435,1017,250,70,82,23,15,13,0,3,48,11,32
Americas,Aruba,Import,Crustaceans,475,266,266,235,489,513,442,462,509,4533,4707,5542,6173,6406,8088,9089
Americas,Aruba,Import,Fish,9451,9083,9711,10948,11721,11142,12064,13262,13898,9137,9839,9759,11215,10878,11271,12297
Americas,Bahamas,Export,Crustaceans,106808,69399,89810,107198,86616,75040,91025,81371,78865,60978,70503,70508,78469,86866,65435,59082
Americas,Bahamas,Export,Fish,356,421,628,728,175,156,289,537,396,975,1001,942,602,1152,504,355
Americas,Bahamas,Import,Crustaceans,3566,3852,4190,3327,3040,3557,3874,4083,4950,4488,4967,3899,4745,3253,5278,4479
Americas,Bahamas,Import,Fish,10420,9305,9554,9281,10877,12398,13412,13079,15817,15204,14035,16714,19056,17952,18023,18242
Americas,Barbados,Export,Crustaceans,6,2,4,16,26,34,36,30,18,17,6,11,9,10,8,8
Americas,Barbados,Export,Fish,1239,1321,892,844,791,1311,652,869,711,322,586,520,523,345,376,457
Americas,Barbados,Import,Crustaceans,1625,1758,1772,1531,979,1557,1829,2054,2318,1615,1561,2058,1878,1990,2247,2982
Americas,Barbados,Import,Fish,8823,10094,11135,11599,10250,14991,16254,16201,17227,15854,15844,19374,23312,19489,21816,22062
Americas,Belize,Export,Crustaceans,30196,8242,7700,53199,50291,38483,38224,17521,18265,20976,22709,19382,21989,49145,52083,39561
Americas,Belize,Export,Fish,112,1078,85,59,711,699,665,627,2359,1353,3873,1174,737,856,529,568
Americas,Belize,Import,Crustaceans,1443,5,19,19,17,47,7,7,10,2,380,26,4,5,161,258
Americas,Belize,Import,Fish,376,272,408,424,388,439,487,427,694,465,497,333,603,575,956,500
Americas,Bermuda,Export,Crustaceans,254,0,0,0,0,94,0,0,0,0,0,0,3,16,14,8
Americas,Bermuda,Export,Fish,18,46,46,0,0,0,44,15,280,356,61,0,8,27,17,14
Americas,Bermuda,Import,Crustaceans,2431,2545,2761,2900,2300,3667,3816,3305,2896,2268,2230,2165,2131,2895,2991,2330
Americas,Bermuda,Import,Fish,3901,4865,4497,4329,4982,7893,8888,8915,7762,7059,5707,6549,7958,9134,8833,8420
Americas,Bolivia (Plurinat.State),Export,Fish,24,35,3,22,0,1,0,14,49,18,0,0,0,0,0,0
Americas,Bolivia (Plurinat.State),Import,Crustaceans,188,114,92,63,80,72,41,33,29,33,49,52,76,124,150,222
Americas,Bolivia (Plurinat.State),Import,Fish,8842,5271,5302,3440,2504,3195,4736,5235,9875,10169,9824,17608,16265,17716,18667,21465
Americas,Brazil,Export,Crustaceans,157288,189528,248370,313951,304876,273073,242097,168060,144169,82571,102828,86506,57619,78385,74289,74597
Americas,Brazil,Export,Fish,81544,93576,93135,103585,115759,126952,122781,138509,118342,107153,113437,134872,152119,139503,132926,145512
Americas,Brazil,Import,Crustaceans,1362,1077,569,148,332,407,331,621,462,773,793,1236,588,907,872,597
Americas,Brazil,Import,Fish,317030,257406,211225,201459,266141,296319,461269,556155,677237,705095,1028376,1227332,1215400,1428518,1510546,1162792
Americas,Canada,Export,Crustaceans,1316187,1306512,1520599,1709836,1797845,1762043,1766123,1894487,1836435,1553216,1872380,2217390,2263490,2398346,2660986,2788642
Americas,Canada,Export,Fish,1244067,1251891,1272123,1311330,1381107,1530628,1570640,1486789,1544957,1388725,1620304,1565595,1553878,1530908,1421755,1440926
Americas,Canada,Import,Crustaceans,568194,547567,499958,483252,527152,570942,626256,656978,602699,604418,720632,883611,848259,902053,1097427,943161
Americas,Canada,Import,Fish,654213,647117,672780,751128,801378,855536,922784,1061693,1127306,1122862,1188181,1350945,1403007,1501259,1441821,1333270
Americas,Cayman Islands,Export,Fish,180,94,108,50,200,130,346,76,130,426,172,140,0,3,5,185
Americas,Cayman Islands,Import,Crustaceans,545,753,995,958,702,389,1113,934,951,994,871,789,1150,1328,1395,1287
Americas,Cayman Islands,Import,Fish,391,722,872,892,920,452,1855,2717,1763,2240,2539,2596,2952,2294,2146,1774
Americas,Chile,Export,Crustaceans,59186,48357,37786,34621,38199,45479,45785,43182,49942,43144,61733,84936,86436,91296,111794,111596
Americas,Chile,Export,Fish,1333735,1412501,1320666,1560806,1866012,2201711,2692743,2769494,2883495,2604159,2453268,3358631,3297259,3955591,4716791,3811185
Americas,Chile,Import,Crustaceans,4232,3285,2762,2733,3254,4907,6384,9126,12615,12123,20200,30061,37554,46374,58649,55461
Americas,Chile,Import,Fish,18458,17753,19033,21593,31758,38105,45460,53195,75123,55749,89941,163223,145427,164597,140334,148692
Americas,Colombia,Export,Crustaceans,100004,95232,84765,78944,66387,84892,82245,69374,85035,68906,57993,45243,47397,26915,23157,22729
Americas,Colombia,Export,Fish,89790,79155,80802,80661,92645,95264,82649,118730,154294,137110,120073,142676,153070,164635,195570,144094
Americas,Colombia,Import,Crustaceans,471,1076,600,756,1264,1901,3425,5017,5842,5947,10480,13463,16836,32682,43340,33719
Americas,Colombia,Import,Fish,55037,55288,64447,69063,82921,109800,120362,150445,209729,194921,217630,270983,321561,392167,429045,366294
Americas,Costa Rica,Export,Crustaceans,20123,18495,19378,10942,13036,13456,11167,7211,5965,4959,3691,3514,7014,12648,15624,15619
Americas,Costa Rica,Export,Fish,97498,115020,118977,121217,102187,108306,94242,99949,121069,111074,101198,124800,165822,142405,127719,119584
Americas,Costa Rica,Import,Crustaceans,1581,2473,2130,2026,1309,1026,1244,1755,1329,2383,2719,5472,4122,3084,7413,8789
Americas,Costa Rica,Import,Fish,15111,17344,26691,23117,26438,26655,31576,38729,55118,47705,42046,61813,77764,86214,117037,125685
Americas,Cuba,Export,Crustaceans,85656,77335,89338,60833,84327,75031,67229,85662,78851,44646,58873,64292,46332,43184,41182,52179
Americas,Cuba,Export,Fish,894,1666,2780,3503,4017,1130,1216,1303,796,813,557,931,853,767,671,642
Americas,Cuba,Import,Crustaceans,97,514,300,145,392,919,230,872,481,70,81,64,122,121,112,411
Americas,Cuba,Import,Fish,37659,29943,18458,26219,48268,49538,35015,40090,52105,34547,23079,28398,26271,24072,27997,36266
Americas,Curaçao,Export,Crustaceans,0,0,0,0,0,0,0,0,0,0,0,193,0,0,10,58
Americas,Curaçao,Export,Fish,0,0,0,0,0,0,0,0,0,0,0,20425,35862,37956,32282,25986
Americas,Curaçao,Import,Crustaceans,0,0,0,0,0,0,0,0,0,0,0,2784,740,1345,2034,1250
Americas,Curaçao,Import,Fish,0,0,0,0,0,0,0,0,0,0,0,7777,7813,6767,5955,6648
Americas,Dominica,Export,Fish,0,0,1,4,1,32,1,6,6,2,0,6,0,5,2,3
Americas,Dominica,Import,Crustaceans,30,17,30,27,28,46,42,71,52,157,114,195,111,69,21,39
Americas,Dominica,Import,Fish,1544,1231,1374,1279,1516,1593,1617,1736,1897,2202,1699,1986,1939,2091,3538,3186
Americas,Dominican Republic,Export,Crustaceans,55,63,160,178,437,1817,1636,1793,1509,1624,2611,4155,2571,2672,2502,3859
Americas,Dominican Republic,Export,Fish,2497,2055,3003,5088,2296,4942,1960,1514,2709,2743,4422,10489,6194,9988,11176,10345
Americas,Dominican Republic,Import,Crustaceans,1737,1825,1931,2167,2066,3059,5875,8133,9973,10564,12070,16309,13293,10186,17312,13286
Americas,Dominican Republic,Import,Fish,49055,53649,66452,52035,56218,66388,72553,78779,101613,110297,118318,132536,144004,116039,126104,133886
Americas,Ecuador,Export,Crustaceans,279596,291524,260954,283213,339528,456446,601073,606933,685768,661517,838499,1186235,1290807,1805654,2600534,2318003
Americas,Ecuador,Export,Fish,287126,351201,424337,473626,434083,517998,687257,718676,996648,860228,838783,1171667,1425459,1619623,1535196,1183046
Americas,Ecuador,Import,Crustaceans,102,308,416,1011,1754,1395,390,451,551,295,548,796,4979,4631,3683,179
Americas,Ecuador,Import,Fish,1147,3941,22913,27682,17950,3684,7018,52208,226466,217229,219728,282524,181349,111442,123505,83586
Americas,El Salvador,Export,Crustaceans,19829,20651,12608,15154,9942,12257,11591,13387,4387,7775,4563,788,458,928,731,542
Americas,El Salvador,Export,Fish,6737,3967,8978,18219,39039,61589,56441,95807,113002,84024,70474,75949,103122,114621,103124,80747
Americas,El Salvador,Import,Crustaceans,1139,562,786,1238,1654,1964,3295,5495,3942,7794,3991,2587,2652,2310,1923,2608
Americas,El Salvador,Import,Fish,6672,7585,5197,8259,15215,43699,32873,48045,24801,68628,38197,28283,40986,58396,47775,33475
Americas,Falkland Is.(Malvinas),Export,Fish,21340,23190,26090,27470,36710,36915,40320,31000,52210,55880,88975,78358,29364,71040,49300,26286
Americas,Falkland Is.(Malvinas),Import,Crustaceans,16,15,18,48,25,54,72,66,79,56,59,71,14,7,4,15
Americas,Falkland Is.(Malvinas),Import,Fish,163,141,13,43,158,135,143,67,104,160,152,188,154,134,255,174
Americas,Greenland,Export,Crustaceans,194902,179059,172987,218835,220302,238169,211035,149918,255712,203627,207600,265117,252152,240591,247474,173216
Americas,Greenland,Export,Fish,66766,54561,68533,127154,114484,120712,134268,140170,160239,113961,146304,183476,179000,209160,270003,211790
Americas,Greenland,Import,Crustaceans,337,489,803,707,677,513,1736,363,754,2990,1565,1012,808,897,1858,2561
Americas,Greenland,Import,Fish,814,875,987,2059,2789,2295,2741,1848,3531,3127,3248,4036,3793,7893,3863,3311
Americas,Grenada,Export,Crustaceans,19,109,7,67,114,182,80,7,23,91,45,63,94,81,117,153
Americas,Grenada,Export,Fish,3389,3943,3856,3190,2968,3334,3654,4108,2934,4828,6419,5338,5465,6546,7964,5204
Americas,Grenada,Import,Crustaceans,104,120,70,90,120,107,228,358,341,250,146,136,112,144,258,243
Americas,Grenada,Import,Fish,2045,2411,2473,2387,2488,2708,3446,4217,4203,3429,2774,2650,3114,2329,2680,1979
Americas,Guatemala,Export,Crustaceans,21275,10089,28663,40491,38104,24975,39394,47972,55882,50337,45748,48497,56600,62595,74593,58054
Americas,Guatemala,Export,Fish,13786,12315,4749,2394,14889,24202,28049,41080,21972,36380,52609,57570,66475,60610,55173,33679
Americas,Guatemala,Import,Crustaceans,1407,1705,6182,7244,8810,3047,4196,4929,7172,7819,12090,19487,14687,23714,59168,40286
Americas,Guatemala,Import,Fish,5203,6452,8617,8789,17347,27312,26589,31459,21717,29463,54031,51065,73028,65910,62157,41538
Americas,Guyana,Export,Crustaceans,33061,43134,34807,34956,35553,40845,38037,37694,41041,30650,29414,24964,48609,53425,33254,42873
Americas,Guyana,Export,Fish,18233,18822,19665,19154,26438,23246,26744,26047,26889,22515,19762,28601,27883,36088,40133,44427
Americas,Guyana,Import,Crustaceans,12,94,58,109,68,5,2,384,7,2,4,4,17,10,17,41
Americas,Guyana,Import,Fish,889,930,1542,952,1382,1417,1455,2276,1238,1625,1677,2543,2915,2811,2800,2452
Americas,Haiti,Export,Crustaceans,3115,2861,3506,3087,2798,3658,3404,4353,4049,3524,3749,5676,4060,3988,4067,4151
Americas,Haiti,Export,Fish,423,409,336,260,373,234,215,307,497,667,421,456,357,650,1089,1904
Americas,Haiti,Import,Crustaceans,7,0,4,1,140,75,80,92,135,122,190,328,261,325,509,392
Americas,Haiti,Import,Fish,5931,7051,4678,7887,8487,9729,16394,16920,21720,26442,20095,34205,21543,42270,41687,44598
Americas,Honduras,Export,Crustaceans,177336,203256,115754,133441,136172,144619,162580,132948,129669,119223,146459,111877,197731,281321,345340,316075
Americas,Honduras,Export,Fish,8850,8134,18332,15790,23535,43392,49245,51117,55035,48956,20234,30462,60348,69104,71121,73594
Americas,Honduras,Import,Crustaceans,11664,7512,5817,4865,4142,3871,4329,4803,5827,4965,6003,6100,4630,5539,6241,7920
Americas,Honduras,Import,Fish,3465,2625,2664,3558,3590,5429,4741,6716,8054,8349,9118,10806,11913,12197,11191,13862
Americas,Jamaica,Export,Crustaceans,6964,9607,3819,7082,6399,7233,6804,4663,5234,4078,6874,8606,8303,9938,8144,5957
Americas,Jamaica,Export,Fish,3037,2210,1712,1095,1012,2266,4014,3605,3000,554,536,1318,613,512,402,174
Americas,Jamaica,Import,Crustaceans,3494,4072,2833,2966,3623,3886,4631,6337,5345,5555,7951,5942,7713,8238,9374,7857
Americas,Jamaica,Import,Fish,47386,54810,54308,55451,54835,71466,74650,86401,95759,81627,80838,97470,100440,95646,97682,92534
Americas,Mexico,Export,Crustaceans,526839,503389,371669,379151,392223,381544,413716,462751,427376,433530,306916,443111,388663,416545,491946,463362
Americas,Mexico,Export,Fish,106531,103370,119960,189496,138187,160875,159714,197503,197806,184008,220525,334775,348887,322584,378165,353497
Americas,Mexico,Import,Crustaceans,22266,36939,46885,55706,49555,74677,78106,98281,124466,75257,102428,105087,107700,203471,290736,130187
Americas,Mexico,Import,Fish,74995,101151,112015,137453,208399,231547,315850,391578,415742,270846,382328,465870,501231,533076,593903,587259
Americas,Montserrat,Import,Crustaceans,12,8,5,9,7,11,16,16,19,18,20,21,33,30,31,30
Americas,Montserrat,Import,Fish,232,205,207,219,199,256,317,301,343,368,305,321,334,353,303,274
Americas,Netherlands Antilles,Export,Crustaceans,67,31,1,47,91,131,32,5,2,8,34,0,0,0,0,0
Americas,Netherlands Antilles,Export,Fish,5611,5870,5229,8752,9033,2353,3226,2529,18954,17207,14725,0,0,0,0,0
Americas,Netherlands Antilles,Import,Crustaceans,1918,1332,812,935,1286,1492,1851,2032,2485,2654,3675,0,0,0,0,0
Americas,Netherlands Antilles,Import,Fish,5460,4455,3425,4751,5715,6600,8365,8675,10767,14937,13744,0,0,0,0,0
Americas,Nicaragua,Export,Crustaceans,118187,33118,35703,55734,85377,89192,70883,74938,104623,82639,107622,115203,175385,225490,262020,226552
Americas,Nicaragua,Export,Fish,9555,9342,11482,11830,12822,16259,17085,20357,21470,21357,23615,23798,24278,26927,34670,29944
Americas,Nicaragua,Import,Crustaceans,3393,2900,2561,314,128,59,55,216,508,111,79,320,310,201,104,121
Americas,Nicaragua,Import,Fish,3790,3150,3859,3300,3228,4168,4453,4853,5106,5064,5119,7059,9086,10458,11562,16438
Americas,Panama,Export,Crustaceans,79958,106024,97281,89899,92835,87349,69087,64385,45605,46095,37311,38370,42660,75278,80903,68662
Americas,Panama,Export,Fish,163383,205046,225177,308093,342435,334569,296028,284187,340503,314980,150286,72891,61700,68052,85979,87121
Americas,Panama,Import,Crustaceans,512,471,789,877,670,447,296,870,1166,660,701,1094,1569,2917,5523,4479
Americas,Panama,Import,Fish,13305,10333,13441,15443,13579,19545,17520,20521,26770,28054,32087,38485,48040,50029,55818,62101
Americas,Paraguay,Export,Fish,45,70,39,98,206,201,230,170,95,45,19,14,15,14,14,12
Americas,Paraguay,Import,Crustaceans,126,59,52,46,49,35,117,82,245,346,348,829,229,944,671,997
Americas,Paraguay,Import,Fish,1389,1462,909,708,1261,1376,1243,2154,3396,3550,5179,5384,6372,6216,7823,6552
Americas,Peru,Export,Crustaceans,9004,13010,17810,19150,26596,40332,48703,57014,65812,63695,69698,92721,94390,130983,165510,145229
Americas,Peru,Export,Fish,107232,128182,80653,81492,97583,102817,163276,200472,237330,213616,190293,348384,388148,301211,303447,294076
Americas,Peru,Import,Crustaceans,42,387,740,807,1405,1473,1953,2993,3701,2288,2943,4340,4116,7113,10367,21647
Americas,Peru,Import,Fish,15332,20879,23297,23616,24829,44582,24671,30108,56672,73173,148854,123642,131380,193413,162190,204870
Americas,Saint Kitts and Nevis,Export,Crustaceans,245,131,23,41,36,0,239,411,458,465,466,659,300,295,290,290
Americas,Saint Kitts and Nevis,Export,Fish,0,0,0,0,0,0,3,9,24,27,27,30,26,61,49,4
Americas,Saint Kitts and Nevis,Import,Crustaceans,343,143,142,177,448,154,676,687,683,431,473,374,430,605,574,621
Americas,Saint Kitts and Nevis,Import,Fish,2117,1624,1629,1667,2075,784,3343,3152,2923,3270,3291,2809,2076,3197,2561,3058
Americas,Saint Lucia,Export,Crustaceans,0,0,0,30,0,0,0,0,0,0,0,0,0,0,22,0
Americas,Saint Lucia,Export,Fish,0,37,83,0,0,0,1,0,107,0,0,0,31,0,1,0
Americas,Saint Lucia,Import,Crustaceans,786,930,593,993,884,837,778,862,860,983,1319,1107,1392,412,1676,2493
Americas,Saint Lucia,Import,Fish,3777,3012,3491,3844,4513,4935,5182,5653,7198,5201,5099,6051,7937,6345,8123,7784
Americas,Saint Vincent/Grenadines,Export,Crustaceans,334,388,573,294,346,410,158,135,375,355,401,182,193,177,392,359
Americas,Saint Vincent/Grenadines,Export,Fish,623,240,138,215,62,21,80,134,135,50,64,83,82,91,112,104
Americas,Saint Vincent/Grenadines,Import,Crustaceans,54,126,105,86,52,106,152,288,370,181,198,240,291,276,220,306
Americas,Saint Vincent/Grenadines,Import,Fish,1076,1151,1239,1297,1527,1754,1847,1866,2087,1727,1723,1695,1942,1869,1862,1980
Americas,St. Pierre and Miquelon,Export,Crustaceans,77,403,25,44,855,752,867,1079,748,665,834,860,1207,968,383,208
Americas,St. Pierre and Miquelon,Export,Fish,6844,4382,4045,3306,4484,5199,5795,7447,8617,4394,2981,1592,1593,1018,962,705
Americas,St. Pierre and Miquelon,Import,Crustaceans,25,27,20,30,39,21,14,132,23,46,53,60,78,68,50,79
Americas,St. Pierre and Miquelon,Import,Fish,130,112,90,80,57,24,122,89,67,48,96,154,182,162,142,200
Americas,Suriname,Export,Crustaceans,36028,34546,26232,32360,35129,29454,27215,28528,18743,25593,20281,17911,20538,21609,18532,17348
Americas,Suriname,Export,Fish,4829,5153,11310,13608,16846,16271,19044,21330,34540,37617,42245,46860,58638,65050,70441,72637
Americas,Suriname,Import,Crustaceans,3501,378,409,446,22,30,6,26,2,10,14,7,184,464,270,346
Americas,Suriname,Import,Fish,2684,2469,2309,3052,3252,4003,2996,3822,3173,4081,4705,2932,4056,4756,4105,5155
Americas,Trinidad and Tobago,Export,Crustaceans,1281,1520,979,1091,809,730,449,333,260,568,266,428,247,204,249,60
Americas,Trinidad and Tobago,Export,Fish,9327,8945,10430,8867,6068,8205,9938,8914,11835,11501,10153,11221,10597,12433,12789,20689
Americas,Trinidad and Tobago,Import,Crustaceans,142,178,233,230,442,973,1625,2459,3778,3337,3941,5811,8061,9639,10983,8794
Americas,Trinidad and Tobago,Import,Fish,6383,8198,11357,11679,13173,20783,17658,22968,22373,24899,23528,28908,30307,38805,37426,39650
Americas,Turks and Caicos Is.,Export,Crustaceans,1425,1983,1759,1575,2756,2852,3002,2899,1149,1055,954,1028,1059,964,1549,1724
Americas,Turks and Caicos Is.,Export,Fish,0,2,1,24,0,41,19,4,6,0,0,0,0,177,292,0
Americas,Turks and Caicos Is.,Import,Crustaceans,882,1006,954,1108,990,980,1176,1361,1251,1202,872,1163,1081,843,1554,1740
Americas,Turks and Caicos Is.,Import,Fish,978,1019,1052,1114,1157,1299,2138,2468,2559,2512,1790,2251,2430,2870,2881,3133
Americas,United States of America,Export,Crustaceans,592662,520254,572908,622330,531232,608406,597007,663732,690352,658774,760457,960987,916972,963994,1163263,1179063
Americas,United States of America,Export,Fish,2090472,2442560,2334007,2435902,2709887,3127276,3050755,3259080,3189282,2882985,3205657,3988126,3658353,3744719,3683358,3591359
Americas,United States of America,Import,Crustaceans,5542717,5553676,5510043,6044872,6043386,6157991,6698227,6695080,6809294,6041314,6852836,7868512,7250772,8233126,9972540,8759933
Americas,United States of America,Import,Fish,4249670,4179916,4488223,4888097,5185430,5736944,6410353,6839276,7165723,6912643,7617620,8353384,9098438,9382943,9926427,9657909
Americas,Uruguay,Export,Crustaceans,10189,5572,6316,8101,7797,7573,10978,11957,8814,9238,9554,7444,3417,5016,5110,2946
Americas,Uruguay,Export,Fish,86514,82867,84198,90458,113273,117861,123971,139234,183360,158418,167317,219839,180336,134666,146177,108059
Americas,Uruguay,Import,Crustaceans,750,802,251,648,442,1557,1297,2714,2275,1717,1834,2574,2199,3187,3812,3021
Americas,Uruguay,Import,Fish,10166,14178,10835,13899,14907,15170,24465,37588,45123,45976,54973,54807,47511,51210,51593,39345
Americas,"Venezuela, Boliv Rep of",Export,Crustaceans,135453,104652,81428,44712,55501,105125,22552,31091,27174,29719,10867,13795,13188,14287,18513,29688
Americas,"Venezuela, Boliv Rep of",Export,Fish,17446,32925,49413,30098,43259,58931,2450,4312,7314,8095,7173,9698,9933,11924,7810,10021
Americas,"Venezuela, Boliv Rep of",Import,Crustaceans,655,536,1192,598,669,368,574,418,9335,325,1025,555,567,1169,645,203
Americas,"Venezuela, Boliv Rep of",Import,Fish,33791,47304,33749,10343,40227,45479,55628,132332,317547,419768,213338,249812,326839,306763,326650,60243
Asia,Afghanistan,Import,Fish,0,0,0,0,0,0,0,0,0,0,9,0,0,0,0,0
Asia,Armenia,Export,Crustaceans,81,15,1665,3079,2752,2705,3992,4152,4720,3403,3785,5984,7510,15703,13523,3355
Asia,Armenia,Export,Fish,14,143,42,92,183,475,567,531,678,124,3898,10189,14977,17897,17906,11603
Asia,Armenia,Import,Crustaceans,10,0,2,9,2,1,3,22,126,173,185,112,248,351,219,278
Asia,Armenia,Import,Fish,661,1307,767,603,597,3001,2310,2695,7362,6894,4761,6436,6061,5457,5812,5084
Asia,Azerbaijan,Export,Fish,2101,798,1148,4083,4638,7252,659,5851,5601,5954,1021,226,0,24,0,23
Asia,Azerbaijan,Import,Crustaceans,3,4,14,7,5,49,29,52,77,48,198,212,240,334,336,199
Asia,Azerbaijan,Import,Fish,1439,1309,1943,2111,2306,4755,2867,5725,11032,16002,11185,11595,12428,15192,12964,10843
Asia,Bahrain,Export,Crustaceans,8014,7213,7867,7217,10914,8958,9091,9050,10828,10688,10585,17149,15794,17211,18897,21451
Asia,Bahrain,Export,Fish,1502,2229,2758,3095,2312,1940,2267,2367,5985,4630,2828,2748,4173,2534,1960,3721
Asia,Bahrain,Import,Crustaceans,895,851,2928,1057,1574,2835,2125,1514,2195,3143,3237,3793,6647,4063,11623,10790
Asia,Bahrain,Import,Fish,3747,5615,6392,5700,5273,7835,6023,7210,14256,10749,12605,16550,22980,21791,24101,25358
Asia,Bangladesh,Export,Crustaceans,311879,333821,275975,303051,345482,551840,401277,569351,461399,321969,441332,502920,412195,464340,540746,396282
Asia,Bangladesh,Export,Fish,30698,22011,25305,21796,24734,79815,46440,57511,96665,72215,96872,135459,82564,68374,57651,49535
Asia,Bangladesh,Import,Crustaceans,300,194,565,166,5186,2802,429,272,768,11623,2654,3769,1719,3822,2975,2498
Asia,Bangladesh,Import,Fish,2875,5875,9210,5291,7990,1118,2048,5086,4203,6453,13705,11316,15301,27647,41404,52878
Asia,Bhutan,Export,Fish,0,0,0,0,0,0,0,0,0,0,0,0,0,3,0,1
Asia,Bhutan,Import,Crustaceans,0,0,0,0,0,7,7,11,20,19,23,26,46,25,0,3
Asia,Bhutan,Import,Fish,0,0,0,0,0,1859,1997,3029,2251,2433,3102,3509,4574,5013,5171,4822
Asia,Brunei Darussalam,Export,Crustaceans,132,196,380,531,917,2894,4976,4969,2331,1337,1246,567,585,1558,2056,1482
Asia,Brunei Darussalam,Export,Fish,164,137,52,167,200,159,326,63,143,263,513,1013,1752,2332,1803,1642
Asia,Brunei Darussalam,Import,Crustaceans,2751,3206,2273,2194,3646,2173,6185,3192,3112,3016,3153,2894,8973,11467,10499,8479
Asia,Brunei Darussalam,Import,Fish,9200,8354,8394,7584,10263,12460,17351,13226,13246,13216,18508,23720,27830,31746,28426,26700
Asia,Cambodia,Export,Crustaceans,2009,1916,955,876,10548,7164,1688,579,420,451,1199,2135,1231,868,572,419
Asia,Cambodia,Export,Fish,32102,29941,35024,36519,30922,40641,24963,22595,24118,29894,38539,57808,59728,61609,63328,65475
Asia,Cambodia,Import,Crustaceans,1,9,3,0,108,6737,674,15,21,31,299,179,271,621,2155,997
Asia,Cambodia,Import,Fish,2708,448,550,3000,3036,2780,3443,3037,2365,4201,2667,3180,4314,2692,12500,5681
Asia,China,Export,Crustaceans,596458,720868,901035,1332283,1559312,1624675,1974696,1863190,2033962,2091114,2548852,3259444,3640354,3980309,4179094,3432246
Asia,China,Export,Fish,2353628,2582783,2734797,3001901,3896131,4558666,5509643,5896162,6472323,6410499,8148211,10205801,10683258,11045046,11538511,10991570
Asia,China,Import,Crustaceans,216386,193917,193348,299464,324714,294756,303701,323183,322451,347908,526205,840449,1133958,1437524,1671382,1861078
Asia,China,Import,Fish,816667,948065,1102870,1319372,1700576,2333056,2539572,2777207,2894591,2884290,3358114,4039108,3686876,3806353,4166967,3697215
Asia,"China, Hong Kong SAR",Export,Crustaceans,4053,1502,1047,863,942,314,1182,332,562,867,355,1562,1435,896,462,775
Asia,"China, Hong Kong SAR",Export,Fish,66962,48654,47529,42313,41805,40154,38954,33836,33669,34604,34723,38612,35705,43637,36921,32753
Asia,"China, Hong Kong SAR",Import,Crustaceans,453708,411342,364988,329422,310967,305799,389879,426236,492710,563062,615701,705535,878649,859023,795623,686023
Asia,"China, Hong Kong SAR",Import,Fish,954290,862565,847893,855139,933833,900414,909748,970918,1118051,1095983,1306255,1468789,1521588,1548894,1612277,1702904
Asia,"China, Macao SAR",Export,Crustaceans,2577,2371,2330,1440,262,238,242,244,185,222,0,0,0,0,0,0
Asia,"China, Macao SAR",Export,Fish,31,0,0,0,437,471,576,830,1131,2930,0,0,0,0,0,0
Asia,"China, Macao SAR",Import,Crustaceans,1924,2308,3027,3538,3200,3391,4065,5784,7176,8510,11924,15653,19173,22860,27160,34349
Asia,"China, Macao SAR",Import,Fish,9789,11715,14527,18893,17720,19072,20922,24498,30907,36493,39612,43884,50441,53198,67537,68303
Asia,Cyprus,Export,Crustaceans,307,601,383,108,44,184,12,19,1,0,1,0,0,69,0,194
Asia,Cyprus,Export,Fish,5991,6052,4980,4285,27265,30514,25079,31478,42609,13524,16830,27593,20889,32518,29212,31262
Asia,Cyprus,Import,Crustaceans,3150,4379,2732,3698,4885,5895,7506,9925,11577,10440,11096,13639,12123,11021,14083,11825
Asia,Cyprus,Import,Fish,16909,18491,17915,19491,30196,32726,34998,51461,58547,42922,44139,46417,42416,43892,47981,43008
Asia,Georgia,Export,Crustaceans,0,0,0,0,0,0,0,0,0,1,0,1,22,65,0,1
Asia,Georgia,Export,Fish,108,288,50,298,247,981,903,1947,6024,4525,6639,3291,1806,2435,2668,7830
Asia,Georgia,Import,Crustaceans,6,22,4,8,135,105,159,239,349,233,233,503,515,583,724,576
Asia,Georgia,Import,Fish,1378,1162,1422,2148,6033,11429,26631,33498,41147,30892,34325,41306,43706,46743,42734,39263
Asia,India,Export,Crustaceans,977753,847056,973725,981507,987324,1035137,1075822,998195,939965,913020,1234456,1846390,1842457,2967319,3943727,3360311
Asia,India,Export,Fish,332596,284035,308683,186331,246395,334811,448172,428178,400020,743643,843207,1058800,977156,1019899,999564,888155
Asia,India,Import,Crustaceans,677,1932,3512,4019,3656,6554,5555,7274,8602,6130,4881,9217,9508,7797,11643,14655
Asia,India,Import,Fish,9094,6328,5307,5974,9097,13768,17289,24406,39713,29618,66549,92097,51929,36752,45644,49434
Asia,Indonesia,Export,Crustaceans,1070333,1022419,926912,942139,1021482,1073177,1244876,1200387,1374105,1158413,1260462,1566554,1617689,2023398,2534716,1946471
Asia,Indonesia,Export,Fish,485348,478826,531672,572783,636343,669475,651600,802088,980750,989593,1163940,1407508,1746477,1598281,1506401,1391707
Asia,Indonesia,Import,Crustaceans,11487,11408,10990,11352,57454,8087,6071,9193,16367,16388,25355,55797,65917,69631,66091,52863
Asia,Indonesia,Import,Fish,18928,13951,14213,17240,25577,22791,32789,39084,93803,129506,189814,196907,149809,155923,159961,157836
Asia,Iran (Islamic Rep. of),Export,Crustaceans,6162,3425,17742,33692,34046,4784,13714,0,0,19338,13340,20536,46414,51183,50838,56781
Asia,Iran (Islamic Rep. of),Export,Fish,43793,40041,32789,46782,39635,36725,45792,31621,51831,74272,133262,177843,190975,180968,194793,151777
Asia,Iran (Islamic Rep. of),Import,Crustaceans,0,0,0,0,0,0,0,0,309,116,69,1,0,0,0,0
Asia,Iran (Islamic Rep. of),Import,Fish,5995,3179,7030,26786,13516,16913,10375,13589,18748,34855,82763,67985,59836,96689,166716,146687
Asia,Iraq,Export,Fish,242,193,99,100,75,10,40,70,70,70,90,115,94,96,110,50
Asia,Iraq,Import,Crustaceans,0,0,0,121,66,13,48,110,103,16,30,150,618,1027,1950,2126
Asia,Iraq,Import,Fish,99,25,163,2510,8911,9519,21502,22078,31562,25410,43126,36395,34613,37634,41086,39352
Asia,Israel,Export,Crustaceans,0,0,0,0,1,0,0,0,2,1,2,3,2,1,0,3
Asia,Israel,Export,Fish,7159,7932,7318,10090,12222,12832,13984,17278,20933,21066,21385,21126,21977,21861,21174,16353
Asia,Israel,Import,Crustaceans,2594,3635,2605,4065,4317,5591,5802,7339,10049,10181,10911,17166,12363,16574,24266,19030
Asia,Israel,Import,Fish,117219,129682,121624,129331,135305,148470,146664,171918,221391,206614,277892,354870,357713,416285,440572,408512
Asia,Japan,Export,Crustaceans,25600,28581,25484,29367,47980,52293,50638,58554,35053,34729,39043,31834,30664,29823,36116,26270
Asia,Japan,Export,Fish,502236,486894,474660,532034,671192,752173,894586,1016652,1017371,905567,1072220,914344,924529,938350,887688,876019
Asia,Japan,Import,Crustaceans,4600083,3726810,3693171,3085936,3696959,3477049,3496107,3222258,3498969,3146638,3455204,4155138,4181629,3857380,3707487,3092497
Asia,Japan,Import,Fish,8666195,7795565,7800323,7454599,8704014,8801198,8254025,7839071,9266376,8120696,9069369,10559977,11023982,9031143,8818736,8160351
Asia,Jordan,Export,Fish,1664,223,238,339,39,43,10,0,151,0,0,0,6,0,0,1
Asia,Jordan,Import,Crustaceans,238,353,348,872,1581,1859,3325,3584,4130,3951,4723,5393,6339,5183,6863,6766
Asia,Jordan,Import,Fish,20438,22174,22024,24837,33072,33580,43225,50962,72319,78640,72755,75210,107551,98403,106896,103695
Asia,Kazakhstan,Export,Crustaceans,0,19,0,1,9,127,310,782,928,535,207,478,642,92,31,16
Asia,Kazakhstan,Export,Fish,11765,18822,17702,21388,33064,53449,50276,78459,82473,85362,92782,79910,68277,78397,80335,53761
Asia,Kazakhstan,Import,Crustaceans,186,271,208,206,324,564,903,1862,2195,2061,2157,3246,4532,5139,6317,4672
Asia,Kazakhstan,Import,Fish,19067,15651,11613,13723,14706,21794,29485,49437,69948,59559,50823,80462,78547,79131,73093,62142
Asia,"Korea, Dem. People's Rep",Export,Crustaceans,13340,16043,54388,88148,81695,22791,7533,639,867,2555,4003,4908,5030,6656,16695,25406
Asia,"Korea, Dem. People's Rep",Export,Fish,8901,9041,14565,26976,28074,25716,13866,11399,10556,8861,13956,13842,11057,13055,18876,18077
Asia,"Korea, Dem. People's Rep",Import,Crustaceans,4132,8250,14514,12316,8905,9955,18024,24476,31886,32753,15240,5552,6614,20523,4158,3670
Asia,"Korea, Dem. People's Rep",Import,Fish,6525,13959,20229,25271,18486,20572,25597,27743,31240,43403,29541,44147,63770,81377,70330,65874
Asia,"Korea, Republic of",Export,Crustaceans,48278,37846,37306,52629,58190,54501,65732,59093,76255,70968,77228,122843,124805,84750,96602,108402
Asia,"Korea, Republic of",Export,Fish,895404,723428,710355,649076,729940,684986,639538,737361,889505,960687,1141243,1389535,1466842,1277185,1200514,1027776
Asia,"Korea, Republic of",Import,Crustaceans,158855,197337,280495,309869,412460,403602,511147,584345,520258,478247,503557,630489,672378,683665,914137,927186
Asia,"Korea, Republic of",Import,Fish,996186,1176287,1298986,1311418,1437050,1507074,1682532,1859266,1814522,1649344,1981074,2363599,2197365,2131932,2259573,2346617
Asia,Kuwait,Export,Crustaceans,5014,3096,4426,1616,2122,748,2925,1898,1999,1871,872,537,201,167,2,752
Asia,Kuwait,Export,Fish,0,49,40,306,43,41,1000,334,610,673,1088,865,565,926,29,572
Asia,Kuwait,Import,Crustaceans,2304,1831,2828,10114,5920,4558,10495,16843,13917,12634,21093,28499,24425,33109,51350,53528
Asia,Kuwait,Import,Fish,23244,21704,20545,32133,27089,32598,45942,56658,61387,77396,69018,81487,96056,103812,119050,145644
Asia,Kyrgyzstan,Export,Crustaceans,0,0,0,0,0,0,0,0,6,24,0,0,0,0,0,0
Asia,Kyrgyzstan,Export,Fish,48,0,1,0,12,0,18,218,357,375,123,2,0,0,1,87
Asia,Kyrgyzstan,Import,Crustaceans,15,1,29,12,24,54,64,32,29,82,29,44,35,70,154,18
Asia,Kyrgyzstan,Import,Fish,1851,1166,1208,1689,1921,1915,2967,4547,6459,7632,8903,11583,14604,15769,17529,9999
Asia,Lao People's Dem. Rep.,Export,Crustaceans,0,0,0,0,0,0,0,0,0,0,0,0,20,7,0,48
Asia,Lao People's Dem. Rep.,Export,Fish,23,64,12,12,12,17,3,3,6,7,12,10,7,13,20,40
Asia,Lao People's Dem. Rep.,Import,Crustaceans,269,400,154,239,33,159,173,76,439,54,86,169,375,482,605,692
Asia,Lao People's Dem. Rep.,Import,Fish,1790,1628,1465,2020,2194,2666,2659,3204,3074,3310,3313,4942,5571,5870,7113,10345
Asia,Lebanon,Export,Crustaceans,35,11,12,8,52,16,22,52,132,203,90,104,242,297,102,65
Asia,Lebanon,Export,Fish,77,99,209,717,583,959,1619,2680,4296,6023,2588,2516,2047,2462,2511,2620
Asia,Lebanon,Import,Crustaceans,5152,7138,6699,6968,7553,8675,7258,10860,11710,15898,17040,22175,20203,17482,27065,24516
Asia,Lebanon,Import,Fish,35399,44422,36015,35826,44183,44746,53296,60096,71945,77568,92066,96169,107931,117558,122950,112750
Asia,Malaysia,Export,Crustaceans,105274,116978,208200,127631,338305,358820,319605,368610,383003,313535,439173,494660,419281,376027,443156,273291
Asia,Malaysia,Export,Fish,53278,61632,94855,73272,130793,154317,182678,217368,249122,240620,265238,281907,285092,272577,280064,266361
Asia,Malaysia,Import,Crustaceans,58402,69852,80125,90799,197992,171483,150162,178749,118605,155885,206495,260206,277417,228694,321296,190865
Asia,Malaysia,Import,Fish,220024,234404,279630,252884,301463,316242,371929,403004,403449,441996,479691,613844,671766,692104,651313,566224
Asia,Maldives,Export,Crustaceans,0,0,0,0,0,0,0,0,0,0,0,0,0,10,0,0
Asia,Maldives,Export,Fish,37662,40238,51830,72029,86634,99249,131180,104129,122687,73596,69965,116835,157318,137785,140746,139443
Asia,Maldives,Import,Crustaceans,0,1470,1677,1897,2451,1752,3158,4696,4391,4045,5064,6187,9329,10910,12820,12756
Asia,Maldives,Import,Fish,0,608,679,722,986,822,1546,2455,2900,2969,4345,8620,7343,8612,10313,8790
Asia,Mongolia,Export,Crustaceans,0,0,0,10,0,0,0,0,0,0,0,0,72,0,0,0
Asia,Mongolia,Export,Fish,222,75,147,152,95,249,231,118,89,70,205,193,144,75,109,134
Asia,Mongolia,Import,Crustaceans,1,2,3,2,36,6,1,9,0,83,8,11,80,138,12,83
Asia,Mongolia,Import,Fish,224,354,353,339,208,326,394,775,1102,1087,2673,3912,6129,4269,2823,2409
Asia,Myanmar,Export,Crustaceans,114942,137546,147927,174236,191287,261662,178155,177408,194082,151645,121008,135730,158445,169157,153591,149462
Asia,Myanmar,Export,Fish,68765,80745,103607,143146,127227,190295,199796,190417,348070,319357,357751,392885,468453,457554,365814,309045
Asia,Myanmar,Import,Crustaceans,14,70,144,548,615,696,640,268,1073,1608,2179,3222,2498,2202,4404,5293
Asia,Myanmar,Import,Fish,421,77,307,789,1137,1341,1619,2284,3174,4163,7612,10966,14020,18822,16036,29139
Asia,Nepal,Export,Fish,71,27,0,16,42,33,0,0,0,3,4,5,9,4,5,5
Asia,Nepal,Import,Crustaceans,22,103,122,1,11,25,6,27,34,25,4,3,3,7,20,11
Asia,Nepal,Import,Fish,283,247,169,343,292,276,571,992,1819,2697,2308,4632,5636,5784,8801,7830
Asia,Oman,Export,Crustaceans,2342,4520,1524,1011,1059,557,323,245,367,364,945,3147,628,693,404,901
Asia,Oman,Export,Fish,46559,43098,73800,69247,94342,90837,88623,81070,74454,72848,109856,98490,107692,116413,127274,118116
Asia,Oman,Import,Crustaceans,1358,2017,2074,2873,2789,3898,4039,4875,5552,6024,6304,8913,10887,9616,11270,10282
Asia,Oman,Import,Fish,4020,5900,8283,7715,6873,9053,15702,19934,23527,23940,28071,35130,41333,31225,46895,55719
Asia,Pakistan,Export,Crustaceans,83810,64223,57165,49673,54113,42950,46712,54126,56775,55745,79258,87480,89288,102072,98332,83122
Asia,Pakistan,Export,Fish,58052,59059,70640,86225,96922,95507,145843,131561,133200,170190,180006,227125,228168,238757,259712,252928
Asia,Pakistan,Import,Crustaceans,189,116,41,56,214,152,0,191,3,0,9,3,25,71,102,253
Asia,Pakistan,Import,Fish,61,58,106,240,816,1220,1754,2141,1821,1599,2530,4313,5955,11887,14844,16591
Asia,"Palestine, Occupied Tr.",Export,Fish,0,0,0,0,0,0,0,244,162,188,83,350,188,370,0,545
Asia,"Palestine, Occupied Tr.",Import,Crustaceans,0,0,0,0,0,0,0,35,19,2,7,11,245,96,60,212
Asia,"Palestine, Occupied Tr.",Import,Fish,0,0,0,0,0,0,0,7147,10490,12575,11282,14195,10108,15027,18455,18314
Asia,Philippines,Export,Crustaceans,169863,161549,179358,163157,150739,139519,141475,136480,113429,105172,128491,138157,128462,155553,229541,166652
Asia,Philippines,Export,Fish,183025,164451,185097,204189,205866,157958,202837,292058,480785,425968,452516,425879,620419,942865,697772,563426
Asia,Philippines,Import,Crustaceans,371,1019,2508,1976,4512,3346,2787,1839,3372,3677,4715,9316,13306,13431,18639,11660
Asia,Philippines,Import,Fish,56342,28809,48198,53506,34693,62120,61431,88166,109478,151288,105406,148971,199525,209236,193326,294209
Asia,Qatar,Export,Crustaceans,0,0,0,0,0,0,0,0,0,0,249,190,155,0,0,105
Asia,Qatar,Export,Fish,1586,1907,1983,2019,1625,3350,1993,1434,1325,2292,5271,2816,1159,1875,1417,1675
Asia,Qatar,Import,Crustaceans,1231,1144,1746,1920,1723,2572,4468,7157,8501,10775,16591,18156,17953,17157,21957,28133
Asia,Qatar,Import,Fish,4245,5015,5545,4637,5203,9460,13521,16005,30185,36325,41028,39731,58007,49833,55484,64727
Asia,Saudi Arabia,Export,Crustaceans,4967,6870,5693,19849,20856,34711,34399,46074,48534,54871,95897,44199,28843,18323,48700,68593
Asia,Saudi Arabia,Export,Fish,3386,3366,3506,5521,7011,10300,11874,13416,12999,16271,20873,26098,22324,20476,20479,20316
Asia,Saudi Arabia,Import,Crustaceans,12692,15536,13749,12587,12135,16312,20921,22628,15074,19765,33600,51337,71493,70540,104448,90987
Asia,Saudi Arabia,Import,Fish,91578,111346,111904,114124,160387,177428,207635,210498,207065,198109,314961,412088,545837,543052,555231,520971
Asia,Singapore,Export,Crustaceans,75891,56427,38943,26415,75805,38416,35392,25311,23319,23346,23257,28878,32877,40318,40796,44505
Asia,Singapore,Export,Fish,325146,272917,219241,232445,263062,302117,294363,285113,306678,245001,293349,315425,263377,222496,195852,231361
Asia,Singapore,Import,Crustaceans,103474,80030,84403,104243,171100,132005,143111,154461,168174,165080,183812,218862,221353,251349,276260,257472
Asia,Singapore,Import,Fish,321408,291731,286137,356511,394960,469726,468122,485917,566954,501506,588806,691136,624965,575539,576658,574054
Asia,Sri Lanka,Export,Crustaceans,70835,53163,41741,50353,32707,28809,29568,30817,20109,27025,25790,36418,29085,44379,55134,35590
Asia,Sri Lanka,Export,Fish,61547,45228,38779,45095,56111,73332,107404,134679,148594,150192,137886,147615,161183,181160,197872,135997
Asia,Sri Lanka,Import,Crustaceans,489,560,533,366,1774,1738,1014,398,608,711,690,812,989,973,1619,1412
Asia,Sri Lanka,Import,Fish,66900,68997,65662,63264,56595,68404,92204,108326,115437,120034,128594,148764,134775,162695,142103,220306
Asia,Syrian Arab Republic,Export,Crustaceans,0,0,0,0,0,0,3,0,0,78,0,24,30,28,12,0
Asia,Syrian Arab Republic,Export,Fish,48,17,47,1,7,65,185,212,266,554,136,581,208,130,200,290
Asia,Syrian Arab Republic,Import,Crustaceans,28,28,0,39,0,85,110,83,266,391,422,307,315,298,137,27
Asia,Syrian Arab Republic,Import,Fish,33250,10080,19078,20618,24914,22945,36527,42230,39949,67390,57673,64919,47629,50248,74890,41726
Asia,Taiwan Province of China,Export,Crustaceans,29318,31428,44490,37488,29127,22546,18337,15511,20557,15272,18827,25723,21763,26365,34180,32548
Asia,Taiwan Province of China,Export,Fish,1653041,1707972,1518367,1204356,1701734,1562170,1355136,1536710,1438817,1468565,1836930,2149785,2146771,1851040,1635485,1428243
Asia,Taiwan Province of China,Import,Crustaceans,149857,133101,101336,90512,88125,92349,107328,133007,205887,173127,196709,203044,203938,237004,276977,301782
Asia,Taiwan Province of China,Import,Fish,178870,156935,147190,155306,149920,166214,161552,192588,256420,292488,337662,375863,414615,403048,486994,515703
Asia,Tajikistan,Import,Crustaceans,0,0,0,0,1,5,16,2,4,7,21,72,5,2,1,26
Asia,Tajikistan,Import,Fish,84,199,258,377,368,512,830,998,1309,1060,2928,2793,2805,2043,2515,2135
Asia,Thailand,Export,Crustaceans,2820540,2366841,1868134,1873015,1827426,1943554,2429817,2526002,2664760,2836435,3312009,3734106,3195863,2328851,2093786,1746493
Asia,Thailand,Export,Fish,1130997,1297274,1395637,1590381,1701995,2033601,2233250,2493365,3271146,2881502,3166457,3719652,4281170,4040047,3763981,3251305
Asia,Thailand,Import,Crustaceans,182191,198417,215096,192707,143884,122557,110960,73739,128364,78151,70825,71863,107161,136597,152303,143472
Asia,Thailand,Import,Fish,465643,675794,729239,794670,993211,1192009,1308879,1538337,2143876,1715797,1880645,2406652,2747010,2652914,2177404,1960937
Asia,Timor-Leste,Export,Crustaceans,0,0,0,0,2,0,65,60,276,138,160,170,163,163,100,100
Asia,Timor-Leste,Export,Fish,0,0,0,0,0,2,0,0,3,0,0,4,9,75,0,28
Asia,Timor-Leste,Import,Crustaceans,0,0,0,0,13,13,11,14,14,193,967,739,332,174,425,66
Asia,Timor-Leste,Import,Fish,0,0,0,0,305,243,306,424,731,857,2276,3911,4914,4483,5875,4626
Asia,Turkey,Export,Crustaceans,16458,16429,19926,28303,33575,33949,20593,20613,28417,18411,18047,16880,10997,11321,10919,11457
Asia,Turkey,Export,Fish,58775,46894,77132,93731,152437,182899,159276,173773,348480,296006,290408,372250,392571,514068,624448,645612
Asia,Turkey,Import,Crustaceans,338,46,168,407,1161,2854,1925,2474,2223,2672,4298,9740,7053,5697,9335,7522
Asia,Turkey,Import,Fish,35067,10720,16619,28552,51283,62818,80100,91807,112948,101670,126680,151198,153579,166549,172144,222725
Asia,Turkmenistan,Export,Crustaceans,3,3,0,0,0,0,0,0,0,0,0,0,0,0,0,0
Asia,Turkmenistan,Export,Fish,389,130,176,19,214,103,27,34,115,0,0,0,1,0,0,0
Asia,Turkmenistan,Import,Crustaceans,9,0,0,1,0,4,4,2,60,13,21,18,26,88,540,198
Asia,Turkmenistan,Import,Fish,75,130,162,421,520,833,601,857,1840,1465,3572,3962,5505,6624,7997,7074
Asia,United Arab Emirates,Export,Crustaceans,7882,8915,5983,7804,21876,101205,46120,28690,24065,21898,31584,41585,32807,34845,46368,46133
Asia,United Arab Emirates,Export,Fish,31820,27314,17545,19695,21488,69989,34137,22919,26324,41182,47840,54215,26620,36255,26813,32026
Asia,United Arab Emirates,Import,Crustaceans,33252,41626,51449,63140,56500,41838,69438,104009,108112,108253,118513,151523,204735,203554,307269,242983
Asia,United Arab Emirates,Import,Fish,48724,60671,62914,118602,91789,73951,113284,141790,176006,190755,240840,252699,279847,337711,378326,352497
Asia,Uzbekistan,Export,Fish,2,71,193,9,28,337,684,3248,2820,3296,4871,3171,663,102,103,45
Asia,Uzbekistan,Import,Crustaceans,16,9,265,5,7,5,0,3,113,4,54,19,29,98,84,73
Asia,Uzbekistan,Import,Fish,1305,1348,1163,1050,1395,1929,1065,1875,4101,1349,3426,4631,5777,7564,8480,6999
Asia,Viet Nam,Export,Crustaceans,732024,1078628,1236890,1425557,1431780,1543197,1612832,1674711,1757453,1775457,2206008,2528035,2321084,3115767,3993537,2984166
Asia,Viet Nam,Export,Fish,426413,355607,459527,476947,624172,787838,1272510,1620486,2252801,2011584,2322008,2948031,3159924,3030808,3206660,3053099
Asia,Viet Nam,Import,Crustaceans,22461,28120,76983,77665,107893,86377,67189,64321,94642,74076,68817,167247,178342,252550,498776,447458
Asia,Viet Nam,Import,Fish,3863,7168,12395,27619,50575,94151,120138,162974,193433,188342,244523,329969,438140,417281,509248,573551
Asia,Yemen,Export,Crustaceans,2247,2346,2797,9079,5942,5975,17406,3214,3711,1975,1352,2045,3644,5838,6486,3487
Asia,Yemen,Export,Fish,12010,43098,105535,139367,63141,89078,111362,140059,162683,149963,187690,175869,158784,159700,158750,103356
Asia,Yemen,Import,Crustaceans,0,1,38,131,40,83,19,2193,46,36,16,35,90,67,65,50
Asia,Yemen,Import,Fish,5043,5642,6847,4214,3346,5427,8102,7104,10069,8840,14482,13618,21216,31243,30030,20419
Europe,Albania,Export,Crustaceans,29,354,20,58,6,1,32,33,1,1030,554,961,829,78,947,1453
Europe,Albania,Export,Fish,4387,5990,8329,13379,16896,1631,1671,1809,2254,28967,30514,31189,31096,34891,32499,33989
Europe,Albania,Import,Crustaceans,15,13,19,28,18,78,512,615,1351,1171,1625,2803,2308,1980,3203,3583
Europe,Albania,Import,Fish,4075,5173,9605,11092,13275,14957,15141,15953,22370,24095,22892,25958,22004,27862,28940,30991
Europe,Andorra,Export,Crustaceans,0,0,0,0,0,5,0,0,0,0,0,1,0,0,0,1
Europe,Andorra,Export,Fish,0,0,0,1,0,46,0,0,1,24,0,20,3,4,0,7
Europe,Andorra,Import,Crustaceans,2241,1743,1632,2121,2090,1989,1900,1969,2681,2260,2120,2121,1732,1910,2229,4254
Europe,Andorra,Import,Fish,7517,8426,9834,12113,14034,15647,15438,16147,15244,13199,12831,13905,12650,13450,14008,12721
Europe,Austria,Export,Crustaceans,182,211,137,186,219,401,2216,3585,4939,4575,2806,7275,8656,8072,5466,4685
Europe,Austria,Export,Fish,7836,6533,17916,30934,41967,17220,13895,22031,31093,36878,45112,67647,77492,80955,75330,64929
Europe,Austria,Import,Crustaceans,19435,19413,18005,22408,27547,27403,32724,47178,47323,45470,50070,54299,54169,55188,71075,66750
Europe,Austria,Import,Fish,127970,147371,162952,204720,241322,228189,265571,351972,378666,364870,367393,442941,434442,487711,499154,427740
Europe,Belarus,Export,Crustaceans,4920,1930,1692,2725,3406,4030,3368,3622,3014,5161,7327,14417,17188,14291,13334,9018
Europe,Belarus,Export,Fish,13956,13502,18787,35889,47895,56391,79645,102909,133629,92257,104574,133651,165907,245912,299061,244636
Europe,Belarus,Import,Crustaceans,4770,2090,1995,2870,3957,4377,4040,5185,6311,7118,10749,15738,17559,21095,20495,10897
Europe,Belarus,Import,Fish,65912,80018,91493,100380,133398,182328,224768,258433,307521,271167,245128,258784,314898,430820,454709,351834
Europe,Belgium,Export,Crustaceans,194848,194632,225370,308873,351165,374471,479201,523859,556322,445892,477660,585043,456891,486299,548058,455102
Europe,Belgium,Export,Fish,242944,299381,314392,408044,452097,481364,524042,549087,585109,518884,532371,549026,489151,499925,535266,506840
Europe,Belgium,Import,Crustaceans,347015,326160,362059,497101,519891,562460,677279,777786,831425,642083,689678,838684,694747,707909,837431,665969
Europe,Belgium,Import,Fish,550871,557562,581938,721606,802504,865401,979839,1059148,1148676,1032982,1058522,1148572,1069426,1165244,1264407,1095598
Europe,Bosnia and Herzegovina,Export,Crustaceans,66,39,0,1,21,23,32,18,21,5,7,4,7,15,40,41
Europe,Bosnia and Herzegovina,Export,Fish,47,17,141,1080,4326,5341,7046,7566,9826,10315,9650,10078,8220,7622,6379,6739
Europe,Bosnia and Herzegovina,Import,Crustaceans,565,491,826,126,213,275,254,287,382,297,296,331,308,275,402,469
Europe,Bosnia and Herzegovina,Import,Fish,8704,12962,14652,16125,19068,26763,25725,30015,35201,32956,29986,30294,31145,31714,35555,28072
Europe,Bulgaria,Export,Crustaceans,3,1,4,7,25,11,4,271,30,58,369,2412,2837,4352,8963,13079
Europe,Bulgaria,Export,Fish,1544,2372,2597,4586,3654,4430,8231,7005,8077,10494,19569,19493,19487,24571,21729,22694
Europe,Bulgaria,Import,Crustaceans,253,322,221,464,554,768,1219,1645,3097,2458,2820,3401,2847,5633,9533,13051
Europe,Bulgaria,Import,Fish,9110,12251,11211,15902,16655,21383,30502,31754,54958,53477,54856,61621,62201,71741,72842,71272
Europe,Croatia,Export,Crustaceans,731,816,1088,1477,2034,1932,2265,2459,2812,2601,2207,2284,2107,2360,3952,3560
Europe,Croatia,Export,Fish,41609,61202,76660,110449,98457,91058,153745,144890,140293,155064,127463,168657,145412,142157,167580,175483
Europe,Croatia,Import,Crustaceans,2061,2843,3178,4092,4422,4937,5616,8373,8766,6812,7764,10421,12139,9992,11600,11784
Europe,Croatia,Import,Fish,23160,44462,62371,63075,46775,69560,78748,86372,100614,72724,69779,78694,71208,71075,80644,81127
Europe,Czechia,Export,Crustaceans,132,255,211,315,251,342,434,901,947,968,1012,1530,2013,2112,2217,2611
Europe,Czechia,Export,Fish,25329,30426,35129,43433,52681,61899,68637,84171,102391,81611,95969,123976,120543,141205,162584,149926
Europe,Czechia,Import,Crustaceans,1833,2141,2366,3121,3368,3674,4251,6465,7629,7084,7248,9682,9889,11924,12531,11755
Europe,Czechia,Import,Fish,63839,73858,77697,84722,99828,122636,138691,164363,204861,180037,190016,225310,227902,256524,281082,256043
Europe,Denmark,Export,Crustaceans,501875,434583,477678,563354,691135,772584,807122,824041,891000,706909,713233,736648,776766,828183,857462,769561
Europe,Denmark,Export,Fish,2002252,1942854,2052010,2336661,2501106,2531540,2685785,2854955,3162800,2757270,2840025,3038028,2735199,3129324,3211402,2821984
Europe,Denmark,Import,Crustaceans,366825,313702,337639,399639,469924,527652,537955,550409,605180,487403,475475,557903,547722,584870,647510,582210
Europe,Denmark,Import,Fish,1340986,1309372,1331486,1494974,1634818,1803770,1981067,1972485,2141796,1959824,2161035,2223248,2026050,2423629,2521564,2206393
Europe,Estonia,Export,Crustaceans,12679,3257,4103,6559,5182,7895,16135,19406,23764,20820,42786,51034,51600,38869,28654,27121
Europe,Estonia,Export,Fish,63225,121724,123494,133992,110218,117167,111847,111594,118456,113752,135755,160668,191273,211326,211888,159588
Europe,Estonia,Import,Crustaceans,1456,1813,2606,4892,4696,8004,11634,19078,16804,11072,15310,18581,12624,15167,17683,12600
Europe,Estonia,Import,Fish,27855,40573,56766,71128,53000,63353,69115,97895,112771,80654,83408,120762,150124,182292,175390,140279
Europe,Faroe Islands,Export,Crustaceans,30300,41960,32378,34197,25665,17432,17403,21030,27027,22665,18162,19484,19123,12232,20159,20080
Europe,Faroe Islands,Export,Fish,364085,421056,455843,500723,490985,499850,523683,591321,638235,661742,663026,790175,792628,949089,1017263,926955
Europe,Faroe Islands,Import,Crustaceans,167,435,858,171,2923,224,467,613,516,422,445,528,476,482,474,1666
Europe,Faroe Islands,Import,Fish,13595,6430,7071,2956,3672,8612,5906,4604,7392,3533,5130,6819,12278,14603,18654,24756
Europe,Finland,Export,Crustaceans,333,271,334,421,390,169,188,105,66,219,417,1315,139,268,257,207
Europe,Finland,Export,Fish,16373,13913,13829,12335,13065,16833,25140,46807,46031,45616,41938,46582,55351,54900,51305,35231
Europe,Finland,Import,Crustaceans,14693,14527,12871,16284,18776,18342,20284,27559,29658,28745,33086,39345,41511,41655,40850,38664
Europe,Finland,Import,Fish,86481,93708,108109,132632,160447,168217,209510,259021,279883,280467,325881,387406,363783,442331,436129,339842
Europe,France,Export,Crustaceans,143583,147856,123625,183923,216905,229223,227734,243507,223991,197913,206842,192305,188660,211737,233207,217871
Europe,France,Export,Fish,780992,694851,761361,893129,1032522,1095758,1135075,1303925,1413132,1087888,1047725,1142619,1191710,1249733,1128060,1019205
Europe,France,Import,Crustaceans,776347,773732,792156,938238,1021514,1059457,1092231,1175707,1224812,1109040,1253175,1361082,1256166,1328308,1448721,1229613
Europe,France,Import,Fish,1869829,1901653,2023152,2361655,2633427,2911075,3276400,3530239,3878165,3779953,3896627,4277439,4004701,4435761,4410577,3824139
Europe,Germany,Export,Crustaceans,87865,75692,92729,108741,124835,121336,143094,201099,193247,151722,186455,219606,230307,268172,272199,244508
Europe,Germany,Export,Fish,892748,830892,903388,994055,1107379,1156955,1406447,1769671,1992435,1828181,1912990,2281909,2097919,2260878,2511474,2174541
Europe,Germany,Import,Crustaceans,289572,288149,232263,270304,309681,350733,384704,502680,510598,528279,600395,676783,667972,672449,811751,678650
Europe,Germany,Import,Fish,1778927,1893548,1970822,2143864,2269550,2612022,3012572,3392463,3663069,3582266,3640126,4386938,4015447,4290747,4667617,4038179
Europe,Greece,Export,Crustaceans,3706,4384,5434,6292,15321,14611,17704,17361,14967,10324,14470,15430,10276,14951,16511,18998
Europe,Greece,Export,Fish,200480,180451,191253,278498,351300,370525,448088,553794,580856,605607,654015,775760,732285,686967,695631,599275
Europe,Greece,Import,Crustaceans,24891,29728,30405,41964,45311,45655,54460,70009,63101,65199,60216,59819,48274,55154,66665,54068
Europe,Greece,Import,Fish,162797,159476,185189,219564,275184,267323,315266,376656,382387,345573,321106,342827,308226,297315,316621,255514
Europe,Hungary,Export,Crustaceans,0,0,0,0,0,12,0,0,0,3,34,63,150,177,232,294
Europe,Hungary,Export,Fish,4337,4076,3096,4773,3320,16542,2867,1952,1696,1548,6242,10197,13515,13967,19791,19799
Europe,Hungary,Import,Crustaceans,655,745,821,1272,1142,1134,1372,1572,2665,2826,3065,4064,4509,4682,5543,4549
Europe,Hungary,Import,Fish,20803,25062,28897,34124,33920,54016,44701,47902,65740,54935,59210,65764,63861,69279,83246,79713
Europe,Iceland,Export,Crustaceans,136931,142753,153236,171146,179367,145239,123445,120587,236119,180193,121845,127241,111181,96160,116747,125316
Europe,Iceland,Export,Fish,935752,943492,1023660,1102344,1356106,1456642,1503045,1675991,1684827,1405002,1526629,1827186,1781483,1834026,1792460,1613157
Europe,Iceland,Import,Crustaceans,48921,42931,49249,55627,81921,65638,56162,66267,56490,46160,52537,59997,39547,32028,53019,88011
Europe,Iceland,Import,Fish,14034,8718,15948,9653,10833,14720,17254,23332,29448,16279,20875,33805,21520,22756,31664,35429
Europe,Ireland,Export,Crustaceans,58787,61585,64686,79034,92162,97934,104661,129733,116921,92097,99529,122666,126696,128234,144719,135570
Europe,Ireland,Export,Fish,205025,270099,274955,269925,288974,260424,239102,274675,296622,291171,311628,361882,459363,396300,458265,397011
Europe,Ireland,Import,Crustaceans,26727,25992,21499,20365,26545,32115,37825,47292,40040,41686,40958,44959,43738,47014,57341,53418
Europe,Ireland,Import,Fish,60294,78022,92254,82801,96525,120591,142730,188530,186926,155994,171828,206740,215527,218305,241810,229553
Europe,Italy,Export,Crustaceans,32857,33963,41369,42043,49063,51022,62375,55186,51387,43694,52168,55297,41539,48603,49707,44902
Europe,Italy,Export,Fish,243086,238942,271841,288845,345012,399202,471950,507976,534506,477600,454543,495997,445884,515557,547785,505000
Europe,Italy,Import,Crustaceans,508682,528866,479852,636759,651564,706875,840311,841441,865639,759046,828401,897523,746400,806064,945890,803906
Europe,Italy,Import,Fish,1531339,1631517,1742426,2126684,2397132,2592451,2868366,3168160,3407872,3270821,3354821,3784930,3480487,3706800,3807179,3438559
Europe,Latvia,Export,Crustaceans,40,43,42,641,850,438,2660,3168,2702,685,1328,3844,5434,6621,6733,6269
Europe,Latvia,Export,Fish,47569,102343,117594,128747,104705,128189,154704,150459,206326,159467,158818,192918,232651,261661,212801,164287
Europe,Latvia,Import,Crustaceans,1321,1703,1993,3530,2836,2887,5060,7917,8158,3783,5068,9154,11265,14206,12530,11761
Europe,Latvia,Import,Fish,33315,40531,42478,49025,31053,50915,63004,95606,128832,104726,120106,151785,174928,183957,172339,135412
Europe,Lithuania,Export,Crustaceans,17,53,180,264,582,970,1018,2929,2846,1701,1754,2061,2127,2878,3085,3344
Europe,Lithuania,Export,Fish,33129,56368,73727,107565,132035,182310,203776,243515,276993,317227,371091,406597,377922,445037,547152,508777
Europe,Lithuania,Import,Crustaceans,653,963,1856,1948,1747,4063,2762,6338,6856,4350,4797,6272,6752,8429,9910,9651
Europe,Lithuania,Import,Fish,52704,79101,78011,95086,109964,163829,168023,213963,263225,273998,330900,337645,343383,407854,483240,423895
Europe,Luxembourg,Export,Crustaceans,7960,6605,4650,4729,5655,3102,1250,4643,4498,3543,3607,4150,3007,2819,3442,2597
Europe,Luxembourg,Export,Fish,14076,11352,18949,16831,13618,11627,13109,7560,11607,13858,13835,12886,10092,11749,12478,10135
Europe,Luxembourg,Import,Crustaceans,16349,16219,11684,19504,17326,14987,15853,17435,19327,19745,20207,22590,22483,21882,24097,20565
Europe,Luxembourg,Import,Fish,45044,41703,46103,51513,55527,54809,59223,61643,69761,67410,69271,76393,73800,80496,88168,75745
Europe,"Macedonia, Fmr Yug Rp of",Export,Crustaceans,0,1,0,0,0,0,0,0,0,0,6,21,55,55,89,52
Europe,"Macedonia, Fmr Yug Rp of",Export,Fish,77,57,27,151,151,87,33,412,793,822,612,735,299,336,420,253
Europe,"Macedonia, Fmr Yug Rp of",Import,Crustaceans,168,140,99,139,181,263,222,302,566,377,387,399,314,278,542,387
Europe,"Macedonia, Fmr Yug Rp of",Import,Fish,6310,6135,8599,9496,10911,10974,14987,18903,21219,18698,17379,21481,19688,20336,22360,20566
Europe,Malta,Export,Crustaceans,0,18,12,61,1,36,12,37,361,0,14,0,6,23,15,40
Europe,Malta,Export,Fish,7708,13174,40925,36214,17127,11698,64194,49742,93497,20487,89228,77518,104312,139399,129852,132681
Europe,Malta,Import,Crustaceans,1478,1505,1475,2048,2033,2343,2477,2627,2362,2430,1987,1986,2032,2465,2863,2328
Europe,Malta,Import,Fish,12294,17312,15782,23317,24006,21337,23088,30309,43819,41359,33950,43454,79774,51138,84075,58009
Europe,"Moldova, Republic of",Export,Crustaceans,0,0,0,0,0,0,0,0,0,0,0,0,48,0,0,0
Europe,"Moldova, Republic of",Export,Fish,5,9,440,0,0,41,3,3,6,4,8,5,4,0,0,0
Europe,"Moldova, Republic of",Import,Crustaceans,13,20,46,92,164,339,475,723,1336,902,1149,1631,1948,1613,1786,1404
Europe,"Moldova, Republic of",Import,Fish,3468,8128,9111,8540,12710,17558,21425,30264,46416,37048,39626,44606,48725,50979,47370,34585
Europe,Montenegro,Export,Crustaceans,0,0,0,0,0,0,104,0,149,149,1,3,0,0,0,0
Europe,Montenegro,Export,Fish,0,0,0,0,0,0,808,792,205,1298,589,224,18,10,41,3
Europe,Montenegro,Import,Crustaceans,0,0,0,0,0,0,644,1016,1230,1005,1008,1299,1276,1640,1701,1467
Europe,Montenegro,Import,Fish,0,0,0,0,0,0,5417,8716,10280,9366,9431,10383,9712,12321,12403,10593
Europe,Netherlands,Export,Crustaceans,306581,364476,376128,461432,522491,551330,609765,709154,723658,761634,793613,847709,810394,726281,859562,711649
Europe,Netherlands,Export,Fish,875160,887318,1235650,1442153,1629313,1990523,1871261,2221352,2304466,2028186,2040758,2289045,2269398,2366386,2721255,2515351
Europe,Netherlands,Import,Crustaceans,284940,289319,288538,339730,316438,360307,388287,445482,593057,637942,657182,712186,694199,627833,874034,657153
Europe,Netherlands,Import,Fish,783850,810775,903526,1183093,1349138,1553312,1702874,1962278,2082705,1929268,1920173,2274020,2218329,2293187,2528387,2167554
Europe,Norway,Export,Crustaceans,184194,149003,142224,147100,158660,162984,148481,134962,192741,135767,132049,155697,136324,76917,94356,116881
Europe,Norway,Export,Fish,3259537,3133741,3301445,3364762,3860791,4614956,5230820,5928749,6556499,6783816,8508859,9102041,8585265,10101144,10502451,8823532
Europe,Norway,Import,Crustaceans,74571,61223,63669,64795,89410,85209,76826,115691,116130,104716,117076,149684,152171,159826,171705,161086
Europe,Norway,Import,Fish,356692,409849,367163,263142,303275,295301,352324,442881,451413,398037,348712,498267,455728,359410,423866,360462
Europe,Poland,Export,Crustaceans,21656,18339,18029,21946,26189,24618,25439,32781,29564,23831,20004,17700,18008,23048,22547,16016
Europe,Poland,Export,Fish,212955,218837,222241,283622,406050,595245,770341,899227,1126611,1067214,1357299,1535140,1502181,1710360,1930811,1669001
Europe,Poland,Import,Crustaceans,14169,14160,14001,18370,26788,20039,22003,29779,35179,26993,33459,33880,39593,47043,59517,55962
Europe,Poland,Import,Fish,278730,338488,304293,347651,530747,660426,808344,934557,1177421,1129001,1441948,1531138,1520977,1886387,2039748,1738819
Europe,Portugal,Export,Crustaceans,53634,40642,33386,39108,37211,45610,46469,65983,102176,68227,94323,106891,90112,79064,106436,129357
Europe,Portugal,Export,Fish,209755,204437,227839,262361,348663,352573,459800,517179,535342,473431,624345,729184,729475,807403,830499,733127
Europe,Portugal,Import,Crustaceans,108414,111958,114914,130398,143918,158636,170088,188565,217402,206335,233381,237642,213784,213260,300266,256580
Europe,Portugal,Import,Fish,680786,738961,741861,846964,997419,1030612,1188508,1453911,1447509,1167968,1300745,1474076,1402609,1485213,1502517,1409652
Europe,Romania,Export,Crustaceans,3,0,7,0,27,7,13,101,149,86,72,323,246,12,121,259
Europe,Romania,Export,Fish,2270,1741,1654,1277,1607,1377,289,1277,1917,5299,6166,12244,10602,14187,14872,13207
Europe,Romania,Import,Crustaceans,437,560,484,641,1098,1996,2308,4544,6446,4735,5403,6827,7292,8791,10138,9826
Europe,Romania,Import,Fish,18959,24793,30291,45007,58549,84695,104791,124467,178265,163609,158247,154414,165834,188852,206982,195416
Europe,Russian Federation,Export,Crustaceans,252459,239469,240964,269891,190629,211295,214976,319014,288822,262437,269012,316281,305039,355298,560929,550202
Europe,Russian Federation,Export,Fish,1224218,1275407,1129435,1176792,1294713,1676403,1840524,1975730,2228682,1965404,2467495,2860210,2827770,3088185,3104594,2940880
Europe,Russian Federation,Import,Crustaceans,4534,14164,29001,41103,45133,86750,126869,203963,246697,187418,239181,309664,291685,390848,388481,158148
Europe,Russian Federation,Import,Fish,167400,280707,364993,466192,685666,982937,1209216,1655124,1961353,1655983,1961794,2218814,2341625,2751661,2425049,1369578
Europe,Serbia,Export,Crustaceans,0,0,0,0,0,0,7,0,8,13,3,5,1,0,1,10
Europe,Serbia,Export,Fish,0,0,0,0,0,0,1044,1545,1862,1926,2024,1971,2801,3657,5766,4943
Europe,Serbia,Import,Crustaceans,0,0,0,0,0,0,625,1007,1252,788,730,1048,913,1020,1341,911
Europe,Serbia,Import,Fish,0,0,0,0,0,0,57936,79202,93360,71025,60267,91488,89326,78578,81678,60895
Europe,Serbia and Montenegro,Export,Crustaceans,93,92,0,39,36,0,0,0,0,0,0,0,0,0,0,0
Europe,Serbia and Montenegro,Export,Fish,204,273,301,155,604,677,0,0,0,0,0,0,0,0,0,0
Europe,Serbia and Montenegro,Import,Crustaceans,124,244,250,292,560,672,0,0,0,0,0,0,0,0,0,0
Europe,Serbia and Montenegro,Import,Fish,10985,23033,29448,27510,50201,50539,0,0,0,0,0,0,0,0,0,0
Europe,Slovakia,Export,Crustaceans,1,0,0,0,2,0,0,30,43,22,93,172,129,163,79,118
Europe,Slovakia,Export,Fish,1764,1630,2317,3213,5457,4623,5613,6464,7550,4813,9285,12275,9279,15953,25397,11016
Europe,Slovakia,Import,Crustaceans,177,143,233,295,330,595,1035,2317,2401,1703,1103,1099,1690,1856,1563,1541
Europe,Slovakia,Import,Fish,25180,27152,31093,32567,38850,44404,64033,56561,66996,64607,75993,85330,83941,92070,117592,97993
Europe,Slovenia,Export,Crustaceans,73,35,25,99,116,147,309,707,509,1008,331,418,560,479,782,687
Europe,Slovenia,Export,Fish,5563,5257,5878,6930,9376,31092,16660,13822,21286,21650,20993,23951,22052,24375,27531,22159
Europe,Slovenia,Import,Crustaceans,2663,2592,2918,3226,3646,4172,4979,6656,7714,6889,5704,6170,5467,5541,7591,6710
Europe,Slovenia,Import,Fish,16881,19126,22292,25521,34532,56234,46687,49925,62563,61326,59522,69940,64213,70444,72298,63991
Europe,Spain,Export,Crustaceans,152127,177685,196279,247209,248612,187808,240527,303112,274400,298653,310934,366784,334486,379432,406152,403248
Europe,Spain,Export,Fish,1133729,1275677,1298699,1494686,1773896,1842333,2037985,2266045,2500662,2226990,2321330,2982501,2787130,2816567,2767891,2463542
Europe,Spain,Import,Crustaceans,965723,971659,940115,1213292,1254796,1376410,1627970,1617133,1650745,1273039,1490428,1613501,1272749,1335206,1548530,1417944
Europe,Spain,Import,Fish,1683791,1914603,2042506,2546239,2687497,2881753,3317248,3799678,3848716,3412961,3481264,3839280,3551862,3684368,3830541,3482270
Europe,Sweden,Export,Crustaceans,20313,19634,25511,28021,34369,33606,32522,46024,45955,33105,38980,42305,36781,41034,46000,33488
Europe,Sweden,Export,Fish,435532,435338,489343,661388,863828,1121419,1500659,1586113,1825092,1976470,2597908,2787913,2816902,3517625,3811066,3623920
Europe,Sweden,Import,Crustaceans,132375,127264,127058,162036,174125,192036,196125,248288,251988,229644,268684,302821,317842,364148,380366,333030
Europe,Sweden,Import,Fish,565908,593074,665457,863403,1095442,1364666,1786698,2225226,2449702,2332554,2969046,3270107,3247841,4062138,4340416,4031820
Europe,Switzerland,Export,Crustaceans,137,126,160,195,266,134,74,185,856,963,428,572,632,1279,261,236
Europe,Switzerland,Export,Fish,2208,2018,2555,3164,4326,3767,4622,5976,6193,6038,6222,8037,6918,8629,7318,6316
Europe,Switzerland,Import,Crustaceans,68027,72973,52512,65541,72347,73056,82226,101418,102437,100849,111805,137294,121771,132695,166527,130532
Europe,Switzerland,Import,Fish,260983,265841,269776,298409,334144,350584,391040,432531,475974,462239,487809,552066,531726,610336,605934,557779
Europe,Ukraine,Export,Crustaceans,2549,7725,965,2325,2674,3077,2888,3503,2867,1257,869,1454,330,993,858,1066
Europe,Ukraine,Export,Fish,39491,24444,18928,14635,15416,19867,17935,28451,35594,57989,52626,58206,64620,62652,46950,16223
Europe,Ukraine,Import,Crustaceans,1485,948,1520,2225,2078,8093,20301,31878,40864,23054,25997,37564,38947,43222,27233,6763
Europe,Ukraine,Import,Fish,109510,95572,86154,105383,129713,261145,420617,492086,671451,504067,416555,548088,737505,911156,629638,307708
Europe,United Kingdom,Export,Crustaceans,343852,334171,366729,395928,432976,454670,488186,565349,479100,405784,454797,474333,438557,455294,478204,395712
Europe,United Kingdom,Export,Fish,776742,833689,847804,1073843,1141685,1178785,1206945,1351393,1366370,1436082,1630259,1917637,1758354,1862348,2169639,1666646
Europe,United Kingdom,Import,Crustaceans,589457,549562,543235,624542,662773,689453,699096,732596,697896,686534,730006,900722,876514,975565,1081740,1005438
Europe,United Kingdom,Import,Fish,1412679,1485684,1571775,1655944,1920262,2252187,2742357,3137610,3260124,2613149,2668313,3040647,3079108,3230800,3171716,2810551
Oceania,Australia,Export,Crustaceans,526335,449185,433929,422722,461796,465285,481745,437915,471572,388895,442081,463107,484039,565442,701459,635745
Oceania,Australia,Export,Fish,269080,267243,288397,274653,234399,233641,216797,270104,251692,236323,265120,306394,277912,216830,216893,243733
Oceania,Australia,Import,Crustaceans,134996,135362,129594,165568,183458,208941,245875,259264,236254,254438,302080,364809,389475,412424,503517,359092
Oceania,Australia,Import,Fish,289245,292242,325909,376995,399631,468628,492222,628762,674487,617870,703398,824891,880861,931663,939817,802564
Oceania,Cook Islands,Export,Fish,115,41,1182,2558,2014,2470,785,1116,794,632,1859,1617,3473,2330,2931,2615
Oceania,Cook Islands,Import,Crustaceans,22,66,37,55,38,72,78,137,179,180,220,245,323,335,424,300
Oceania,Cook Islands,Import,Fish,243,351,286,618,310,578,449,538,429,437,604,371,400,489,945,741
Oceania,Fiji,Export,Crustaceans,27,33,49,57,2,14,25,6,0,2,12,675,23,18,19,16
Oceania,Fiji,Export,Fish,27111,34016,30717,40150,45151,46026,51293,57489,79080,71568,93487,93310,23564,40279,41441,39956
Oceania,Fiji,Import,Crustaceans,369,470,457,627,852,1053,920,925,1041,1057,1771,1037,1603,1392,1232,1405
Oceania,Fiji,Import,Fish,7736,20502,16368,38942,38023,35723,33546,32420,39017,35310,56790,125763,154474,110074,203217,102218
Oceania,French Polynesia,Export,Crustaceans,0,0,8,0,0,0,0,0,0,0,0,0,0,0,64,0
Oceania,French Polynesia,Export,Fish,5762,10866,9095,6269,4095,4393,5235,5604,3322,5995,7048,6962,14225,11639,12933,13977
Oceania,French Polynesia,Import,Crustaceans,4073,3864,4091,5283,4918,6276,7543,7409,6875,6868,6773,4197,4526,3351,5238,2825
Oceania,French Polynesia,Import,Fish,4032,4398,4908,5638,6166,7575,8155,7974,8942,8348,7731,8146,9507,8309,8931,7422
Oceania,Kiribati,Export,Crustaceans,42,93,110,61,28,161,120,3,0,0,0,216,0,0,0,0
Oceania,Kiribati,Export,Fish,5571,3262,3622,3489,3994,4524,5198,13087,15526,25470,28503,46973,63010,72449,133276,121362
Oceania,Kiribati,Import,Crustaceans,57,0,1,11,3,6,14,7,0,4,0,0,25,0,16,19
Oceania,Kiribati,Import,Fish,312,128,309,798,389,1113,784,1103,642,566,534,1082,876,650,676,424
Oceania,Marshall Islands,Export,Crustaceans,0,2,9,0,3,1,1,18,0,14,13,29,41,33,90,12
Oceania,Marshall Islands,Export,Fish,2696,8090,16055,16098,28866,30041,17761,27602,44614,44857,53684,89134,126088,119719,96006,72163
Oceania,Marshall Islands,Import,Crustaceans,3,4,21,42,95,1,1,12,3,4,364,11,21,134,188,50
Oceania,Marshall Islands,Import,Fish,188,184,328,665,728,617,526,922,1392,1612,1958,1906,5314,3605,5598,2634
Oceania,"Micronesia, Fed.States of",Export,Crustaceans,0,0,12,1,0,0,0,0,0,0,0,0,0,1,0,0
Oceania,"Micronesia, Fed.States of",Export,Fish,27137,27040,26112,28017,29338,24910,9995,20638,26566,24178,27932,39180,63045,36024,54070,67294
Oceania,"Micronesia, Fed.States of",Import,Crustaceans,125,5,1,5,126,6,3,7,8,10,11,14,7,34,20,84
Oceania,"Micronesia, Fed.States of",Import,Fish,2103,2149,2439,3275,3686,2656,1893,1781,3137,3932,5223,7940,15406,13160,9143,7803
Oceania,New Caledonia,Export,Crustaceans,12757,14610,16500,17006,23365,24800,27466,17544,19727,15487,11906,10556,12331,14509,15938,11198
Oceania,New Caledonia,Export,Fish,4675,6204,4528,7615,4538,4196,2740,2620,3624,5228,5416,4780,4839,3380,3195,4417
Oceania,New Caledonia,Import,Crustaceans,193,168,153,208,207,481,300,410,574,367,285,433,320,379,393,246
Oceania,New Caledonia,Import,Fish,3143,3767,3830,5000,5579,6177,7762,7667,10088,6809,9564,8866,10180,10059,9826,9258
Oceania,New Zealand,Export,Crustaceans,70358,64732,71454,77515,75450,94851,98492,105824,135006,128457,177664,192504,200412,222214,241942,232042
Oceania,New Zealand,Export,Fish,424194,410396,445010,433816,474463,471946,492095,525337,496589,513625,598151,644104,709000,682628,653591,590946
Oceania,New Zealand,Import,Crustaceans,12485,10074,12735,14024,16909,22229,22042,29114,28692,24135,32127,38234,40443,46382,56265,45060
Oceania,New Zealand,Import,Fish,28772,32903,31522,30534,36386,45133,50324,57258,73832,66562,72263,85642,86079,86427,107315,101488
Oceania,Palau,Export,Fish,341,388,302,206,188,386,652,689,203,131,238,95,159,295,503,458
Oceania,Palau,Import,Crustaceans,7,11,14,11,95,28,232,399,284,319,387,459,480,516,790,789
Oceania,Palau,Import,Fish,159,214,233,199,252,278,409,828,1011,968,839,900,1249,1172,1096,1283
Oceania,Papua New Guinea,Export,Crustaceans,9384,9563,8118,8796,5801,7337,4789,7535,7217,2233,4452,4397,2142,3525,7183,8776
Oceania,Papua New Guinea,Export,Fish,45446,67622,79470,107060,76945,68339,84529,114519,137403,146457,120995,160257,113595,146828,125222,138717
Oceania,Papua New Guinea,Import,Crustaceans,14,78,48,52,41,19,24,32,45,122,79,169,219,600,348,766
Oceania,Papua New Guinea,Import,Fish,10983,5961,8823,9729,12418,10655,17703,21415,27793,26689,24765,25023,21985,31579,37648,44424
Oceania,Samoa,Export,Crustaceans,4,10,2,1,0,0,0,0,0,0,0,0,0,1,0,0
Oceania,Samoa,Export,Fish,7418,14916,12793,7084,10548,9419,8126,8735,5581,7624,13147,7793,7989,5542,2520,13428
Oceania,Samoa,Import,Crustaceans,4,37,64,61,98,112,129,151,145,110,134,178,121,268,347,256
Oceania,Samoa,Import,Fish,8182,3501,3797,4649,4406,4412,5869,6294,6384,4746,5576,6255,6676,7097,6159,8198
Oceania,Solomon Islands,Export,Crustaceans,36,65,4,5,6,6,6,45,89,46,24,0,0,0,0,0
Oceania,Solomon Islands,Export,Fish,11616,12758,8409,13916,13756,11184,22379,20792,19342,18321,18374,21969,39439,34594,48511,37307
Oceania,Solomon Islands,Import,Crustaceans,226,10,31,18,25,36,110,83,0,0,0,60,124,177,264,131
Oceania,Solomon Islands,Import,Fish,109,263,1057,311,527,591,1691,2235,2426,2185,3572,2444,1842,4433,2129,1974
Oceania,Tonga,Export,Crustaceans,661,6,57,23,60,2,5,0,8,0,16,1,0,0,0,1
Oceania,Tonga,Export,Fish,2915,1184,5151,4399,2919,2158,3466,2198,2200,1991,2530,3998,2572,1448,3328,4112
Oceania,Tonga,Import,Crustaceans,89,51,21,20,28,59,51,75,181,204,226,261,186,265,200,134
Oceania,Tonga,Import,Fish,908,1127,1126,1243,1333,1376,1201,2062,1071,1362,1247,1859,1141,1409,1619,1611
Oceania,Tuvalu,Export,Crustaceans,12,0,0,0,0,0,0,0,2,0,0,0,0,0,0,0
Oceania,Tuvalu,Export,Fish,300,300,623,1121,1282,1786,2910,3437,2923,2937,11667,8890,14378,18561,8317,5486
Oceania,Tuvalu,Import,Crustaceans,0,0,0,0,2,0,0,1,15,0,7,16,7,3,9,8
Oceania,Tuvalu,Import,Fish,11,2,29,14,76,95,57,102,105,46,158,174,53,168,77,300
Oceania,Vanuatu,Export,Crustaceans,13,16,2,9,3,2,3,0,0,0,14,1,0,78,26,3
Oceania,Vanuatu,Export,Fish,58712,33678,44922,51715,74624,83313,72455,84101,67370,69117,60119,45197,67653,60596,73608,89568
Oceania,Vanuatu,Import,Crustaceans,79,35,36,32,74,77,53,142,166,274,278,288,205,505,681,230
Oceania,Vanuatu,Import,Fish,1354,388,660,1563,1244,1601,2148,2439,2933,2993,2877,4463,4022,4523,4753,4796
